Original_header,No_peptide,Enzyme,Cleaving_pos,Peptide_size,Peptide_mass,pI,Sequence
Chelonia_mydas,0,Trypsin,9,9,1086.16628,4.29,QLAYGYDEK
Chelonia_mydas,1,Trypsin,27,18,1567.84148,9.71,SVGGXLSMPGPMGPAGPR
Chelonia_mydas,2,Trypsin,60,33,3021.31358,4.53,GLPGPPGSPGPQGFQGPPGEPGEPGASGPMGPR
Chelonia_mydas,3,Trypsin,68,8,679.77398,8.06,GPAGPPGK
Chelonia_mydas,4,Trypsin,84,16,1611.64808,4.76,NGDDGEAGKPGRPGER
Chelonia_mydas,5,Trypsin,93,9,809.88018,9.71,GAPGPQGAR
Chelonia_mydas,6,Trypsin,105,12,1098.32568,8.06,GLPGTAGLPGMK
Chelonia_mydas,7,Trypsin,108,3,368.39578,9.73,GHR
Chelonia_mydas,8,Trypsin,117,9,850.92668,5.87,GFSGLDGAK
Chelonia_mydas,9,Trypsin,126,9,798.85098,5.87,GDTGPAGPK
Chelonia_mydas,10,Trypsin,144,18,1676.76288,4.53,GEPGSPGENGAPGQIGPR
Chelonia_mydas,11,Trypsin,150,6,627.69818,6.23,GLPGER
Chelonia_mydas,12,Trypsin,162,12,1069.14528,11.49,GRPGPSGSAGAR
Chelonia_mydas,13,Trypsin,192,30,2470.68358,5.87,GNDGAPGAAGPTGPAGPAGPPGFPGAVGAK
Chelonia_mydas,14,Trypsin,201,9,857.87838,6.23,GETGPQGGR
Chelonia_mydas,15,Trypsin,210,9,827.85208,6.23,GGEGPQGAR
Chelonia_mydas,16,Trypsin,237,27,2272.37258,4.29,GEPGAPGPAGAAGPTGNPGSDGQPGAK
Chelonia_mydas,17,Trypsin,255,18,1524.69938,9.71,GATGAPGIAGAPGFPGAR
Chelonia_mydas,18,Trypsin,270,15,1290.39828,8.06,GPSGPQGPSGAPGPK
Chelonia_mydas,19,Trypsin,282,12,1084.11048,6.13,GNSGEPGAPGNK
Chelonia_mydas,20,Trypsin,288,6,517.53938,5.87,GDAGAK
Chelonia_mydas,21,Trypsin,308,20,1831.95678,4.25,GEPGPVGVQGPPGPSGEEGK
Chelonia_mydas,22,Trypsin,309,1,174.20278,9.71,R
Chelonia_mydas,23,Trypsin,312,3,318.33288,9.71,GSR
Chelonia_mydas,24,Trypsin,327,15,1361.47708,4.53,GEPGPAGLPGPAGER
Chelonia_mydas,25,Trypsin,333,6,543.58028,9.71,GAPGSR
Chelonia_mydas,26,Trypsin,345,12,1118.21138,5.87,GFPGSDGISGPK
Chelonia_mydas,27,Trypsin,351,6,615.64388,6.23,GPTGER
Chelonia_mydas,28,Trypsin,360,9,794.90598,8.06,GSPGPVGPK
Chelonia_mydas,29,Trypsin,378,18,1649.78068,6.28,GSPGESGRPGEPGLPGAK
Chelonia_mydas,30,Trypsin,392,14,1226.30848,5.87,GLTGSPGSPGPDGK
Chelonia_mydas,31,Trypsin,414,22,1961.08118,9.56,TGPTGPAGQDGRPGAAGPPGSR
Chelonia_mydas,32,Trypsin,426,12,1114.32768,8.06,GPAGVMGFPGPK
Chelonia_mydas,33,Trypsin,438,12,1125.20648,6.28,GAAGEPGKPGER
Chelonia_mydas,34,Trypsin,452,14,1162.35438,8.06,GVPGPVGAVGAPGK
Chelonia_mydas,35,Trypsin,471,19,1680.70798,4.05,DGEAGAQGPPGAAGPSGER
Chelonia_mydas,36,Trypsin,497,26,2307.46118,4.53,GEQGPSGAPGFQGLPGPAGPAGESGK
Chelonia_mydas,37,Trypsin,516,19,1666.72448,4.29,SGEQGVPGDAGAPGPAGSR
Chelonia_mydas,38,Trypsin,519,3,360.37018,6.23,GER
Chelonia_mydas,39,Trypsin,525,6,661.71538,6.23,GFPGER
Chelonia_mydas,40,Trypsin,537,12,1120.23328,9.71,GVQGAPGPQGPR
Chelonia_mydas,41,Trypsin,549,12,1014.01938,5.87,GGNGAPGNDGAK
Chelonia_mydas,42,Trypsin,573,24,2204.35858,4.29,GDAGAPGSPGNQGPPGLQGMPGER
Chelonia_mydas,43,Trypsin,582,9,768.87098,9.71,GAAGLPGAR
Chelonia_mydas,44,Trypsin,585,3,346.34328,5.98,GDR
Chelonia_mydas,45,Trypsin,591,6,529.55038,5.87,GDGGPK
Chelonia_mydas,46,Trypsin,599,8,671.70798,5.87,GADGAPGK
Chelonia_mydas,47,Trypsin,603,4,443.45998,5.98,DGPR
Chelonia_mydas,48,Trypsin,621,18,1558.75438,5.87,GLTGPIGPPGPAGAPGDK
Chelonia_mydas,49,Trypsin,636,15,1287.30848,6.23,GEAGPSGPSGSTGAR
Chelonia_mydas,50,Trypsin,642,6,571.59068,5.98,GAPGDR
Chelonia_mydas,51,Trypsin,666,24,2086.24808,4.29,GEPGPPGPAGFAGPPGADGQPGAK
Chelonia_mydas,52,Trypsin,675,9,804.81188,4.29,GETGDAGAK
Chelonia_mydas,53,Trypsin,702,27,2168.35068,5.87,GDAGAPGPAGPTGAPGPSGAVGAPGPK
Chelonia_mydas,54,Trypsin,705,3,302.33348,9.71,GAR
Chelonia_mydas,55,Trypsin,722,17,1427.53938,9.71,GSAGPPGATGFPGAAGR
Chelonia_mydas,56,Trypsin,743,21,1839.08118,8.06,VGPPGPSGNIGLPGPPGPSGK
Chelonia_mydas,57,Trypsin,747,4,419.43498,6.13,EGSK
Chelonia_mydas,58,Trypsin,750,3,328.37138,9.71,GPR
Chelonia_mydas,59,Trypsin,758,8,785.85518,6.23,GETGPIGR
Chelonia_mydas,60,Trypsin,774,16,1408.48758,4.53,TGEPGPAGAPGPSGEK
Chelonia_mydas,61,Trypsin,798,24,2089.20878,5.98,GSPGADGAPGAPGTPGPQGISGQR
Chelonia_mydas,62,Trypsin,807,9,882.03048,9.71,GVVGLPGQR
Chelonia_mydas,63,Trypsin,810,3,360.37018,6.23,GER
Chelonia_mydas,64,Trypsin,824,14,1296.44538,6.13,GFPGLPGPSGEPGK
Chelonia_mydas,65,Trypsin,834,10,960.95598,6.23,QGPSGSSGER
Chelonia_mydas,66,Trypsin,854,20,1736.94808,6.23,GPPGPVGPPGLAGPPGEAGR
Chelonia_mydas,67,Trypsin,866,12,1084.11058,4.53,EGSPGAEGAPGR
Chelonia_mydas,68,Trypsin,873,7,614.65608,5.87,DGAAGPK
Chelonia_mydas,69,Trypsin,876,3,346.34328,5.98,GDR
Chelonia_mydas,70,Trypsin,902,26,2135.36408,6.13,GETGPAGPPGAPGAPGAPGPIGPAGK
Chelonia_mydas,71,Trypsin,906,4,460.44708,5.98,NGDR
Chelonia_mydas,72,Trypsin,924,18,1516.63348,6.23,GETGPAGPAGPAGPAGPR
Chelonia_mydas,73,Trypsin,933,9,809.88018,9.71,GAAGPQGPR
Chelonia_mydas,74,Trypsin,936,3,318.32988,5.87,GDK
Chelonia_mydas,75,Trypsin,945,9,956.92428,4.66,GETGEHGDR
Chelonia_mydas,76,Trypsin,948,3,316.40068,8.06,GLK
Chelonia_mydas,77,Trypsin,951,3,368.39578,9.73,GHR
Chelonia_mydas,78,Trypsin,981,30,2657.83868,6.23,GFSGLQGPPGPPGSPGEQGPSGASGPAGPR
Chelonia_mydas,79,Trypsin,992,11,926.98168,8.06,GPPGSSGSPGK
Chelonia_mydas,80,Trypsin,1008,16,1513.71638,5.98,DGLNGLPGPIGPPGPR
Chelonia_mydas,81,Trypsin,1010,2,231.25468,9.71,GR
Chelonia_mydas,82,Trypsin,1048,38,3635.00648,3.89,TGDVGPAGPPGPPGPPGPPGPPSGGFDFSFLPQPPQEK
Chelonia_mydas,83,Trypsin,1054,6,685.69458,7.2,AHTDSR
Chelonia_mydas,84,Trypsin,1057,3,500.55478,8.36,YYR
Chelonia_mydas,85,Trypsin,1063,6,736.77958,5.87,QYDPSK
Chelonia_mydas,86,Trypsin,1078,15,1520.74128,5.97,AADYGQGPMGIMGPR
Chelonia_mydas,87,Trypsin,1111,33,2944.12648,4.53,GAPGTSGPPGAQGFQGPAGEPGEPGQTGPVGAR
Chelonia_mydas,88,Trypsin,1119,8,679.77398,8.06,GPAGPPGK
Chelonia_mydas,89,Trypsin,1131,12,1193.24128,7.08,SGEDGHPGKPGR
Chelonia_mydas,90,Trypsin,1135,4,447.44838,6.23,SGER
Chelonia_mydas,91,Trypsin,1144,9,841.92238,9.71,GVPGTQGAR
Chelonia_mydas,92,Trypsin,1156,12,1174.36478,8.06,GFPGTPGLPGFK
Chelonia_mydas,93,Trypsin,1159,3,344.41408,9.71,GIR
Chelonia_mydas,94,Trypsin,1168,9,952.98208,7.2,GHNGLDGQR
Chelonia_mydas,95,Trypsin,1177,9,783.88268,8.06,GQAGAPGVK
Chelonia_mydas,96,Trypsin,1195,18,1648.66878,5.64,GEPGAHGENGSPGQAGAR
Chelonia_mydas,97,Trypsin,1201,6,627.69818,6.23,GLPGER
Chelonia_mydas,98,Trypsin,1203,2,231.25468,9.71,GR
Chelonia_mydas,99,Trypsin,1213,10,912.01348,9.71,VGSPGPVGSR
Chelonia_mydas,100,Trypsin,1243,30,2473.68418,5.87,GSDGSAGPTGPAGPIGAAGPPGFPGAPGAK
Chelonia_mydas,101,Trypsin,1261,18,1506.63828,5.98,GDIGAAGAVGPSGPAGPR
Chelonia_mydas,102,Trypsin,1288,27,2270.48668,6.13,GEPGLPGASGPVGPAGNPGANGIAGAK
Chelonia_mydas,103,Trypsin,1306,18,1514.74758,9.71,GAAGLPGVAGAPGLPGPR
Chelonia_mydas,104,Trypsin,1321,15,1249.39208,9.71,GIPGPAGPAGTAGAR
Chelonia_mydas,105,Trypsin,1333,12,1040.14108,6.13,GLAGEPGPAGSK
Chelonia_mydas,106,Trypsin,1339,6,590.59068,6.13,GESGNK
Chelonia_mydas,107,Trypsin,1359,20,1735.78438,4.25,GEPGAAGSPGPAGPNGEEGK
Chelonia_mydas,108,Trypsin,1360,1,174.20278,9.71,R
Chelonia_mydas,109,Trypsin,1378,18,1542.62548,6.23,GSTGEAGATGPPGSAGLR
Chelonia_mydas,110,Trypsin,1384,6,571.63408,9.71,GVPGSR
Chelonia_mydas,111,Trypsin,1392,8,771.82828,6.23,GLPGSEGR
Chelonia_mydas,112,Trypsin,1402,10,906.02448,9.71,AGSMGLAGSR
Chelonia_mydas,113,Trypsin,1411,9,768.82768,9.71,GSPGPAGAR
Chelonia_mydas,114,Trypsin,1429,18,1675.82148,6.28,GPGGDSGRPGEPGLLGPR
Chelonia_mydas,115,Trypsin,1443,14,1246.38838,8.06,GLPGQPGNPGPAGK
Chelonia_mydas,116,Trypsin,1455,12,1158.23588,4.29,EGPVGFPGADGR
Chelonia_mydas,117,Trypsin,1465,10,920.07938,9.71,VGPIGPAGPR
Chelonia_mydas,118,Trypsin,1477,12,1169.30238,6.13,GEPGNIGFPGPK
Chelonia_mydas,119,Trypsin,1489,12,1152.22908,6.12,GPNGEPGKPGDK
Chelonia_mydas,120,Trypsin,1498,9,815.88448,9.71,GNVGVAGSR
Chelonia_mydas,121,Trypsin,1522,24,2085.22038,5.87,GAPGPDGNNGVQGPPGVAGNPGAK
Chelonia_mydas,122,Trypsin,1552,30,2742.94438,4.67,GEQGPAGPPGFQGLPGPSGPAGEAGKPGDR
Chelonia_mydas,123,Trypsin,1567,15,1421.61878,6.23,GIPGEFGLPGPAGPR
Chelonia_mydas,124,Trypsin,1570,3,360.37018,6.23,GER
Chelonia_mydas,125,Trypsin,1588,18,1572.71308,6.23,GAPGESGAVGPVGSMGSR
Chelonia_mydas,126,Trypsin,1600,12,1083.12278,5.87,GPTGPPGSDGNK
Chelonia_mydas,127,Trypsin,1624,24,2054.20638,4.53,GEPGNVGAPGGPGPAGPGGIPGER
Chelonia_mydas,128,Trypsin,1633,9,754.88448,8.06,GIAGVPGGK
Chelonia_mydas,129,Trypsin,1636,3,332.35678,6.13,GEK
Chelonia_mydas,130,Trypsin,1642,6,611.74208,9.71,GLPGLR
Chelonia_mydas,131,Trypsin,1650,8,717.73668,6.23,GEAGATGR
Chelonia_mydas,132,Trypsin,1654,4,433.42148,5.98,DGSR
Chelonia_mydas,133,Trypsin,1672,18,1518.64928,5.98,GIPGAVGSPGPAGGPGDR
Chelonia_mydas,134,Trypsin,1687,15,1251.32128,6.23,GEAGPAGSAGPAGPR
Chelonia_mydas,135,Trypsin,1693,6,585.61758,6.23,GAPGER
Chelonia_mydas,136,Trypsin,1717,24,2053.17528,6.13,GESGPAGPNGFAGPPGAAGQTGAK
Chelonia_mydas,137,Trypsin,1720,3,360.37018,6.23,GER
Chelonia_mydas,138,Trypsin,1723,3,331.37198,8.06,GQK
Chelonia_mydas,139,Trypsin,1726,3,300.35798,8.06,GPK
Chelonia_mydas,140,Trypsin,1756,30,2455.71268,6.23,GEVGPLGAIGPAGSSGPAGPIGAAGPAGGR
Chelonia_mydas,141,Trypsin,1773,17,1445.51128,5.98,GDAGPSGATGFPGAAGR
Chelonia_mydas,142,Trypsin,1794,21,1827.02688,8.06,TGPPGPAGITGPPGPPGQSGK
Chelonia_mydas,143,Trypsin,1798,4,443.45998,5.98,DGPR
Chelonia_mydas,144,Trypsin,1801,3,328.37138,9.71,GPR
Chelonia_mydas,145,Trypsin,1825,24,2321.57488,4.67,GDTGPVGRPGEQGIVGPPGFIGEK
Chelonia_mydas,146,Trypsin,1858,33,2866.18298,6.23,GPSGEPGGAGPPGTSGPQGILGAPGILGLPGSR
Chelonia_mydas,147,Trypsin,1861,3,360.37018,6.23,GER
Chelonia_mydas,148,Trypsin,1885,24,2065.22708,6.23,GLPGISGGTGEPGPAGISGPSGSR
Chelonia_mydas,149,Trypsin,1905,20,1731.84228,6.23,GPSGPSGAPGLNGPPGEAGR
Chelonia_mydas,150,Trypsin,1917,12,1152.14528,4.04,DGNPGNDGPPGR
Chelonia_mydas,151,Trypsin,1924,7,690.75388,5.87,DGAPGFK
Chelonia_mydas,152,Trypsin,1927,3,360.37018,6.23,GER
Chelonia_mydas,153,Trypsin,1957,30,2655.87208,8.81,GYPGNNGLAGAAGAPGPHGAVGPSGKPGNR
Chelonia_mydas,154,Trypsin,1975,18,1578.74528,6.23,GEPGPVGVTGSIGPAGAR
Chelonia_mydas,155,Trypsin,1984,9,837.93388,9.71,GLGGPQGPR
Chelonia_mydas,156,Trypsin,1987,3,332.35678,6.13,GEK
Chelonia_mydas,157,Trypsin,1993,6,571.63108,5.87,GVPGDK
Chelonia_mydas,158,Trypsin,1996,3,328.37138,9.71,GPR
Chelonia_mydas,159,Trypsin,2002,6,635.77908,8.06,GMPGFK
Chelonia_mydas,160,Trypsin,2032,30,2770.96358,7.47,GHNGLQGLPGLAGHHGDQGAPGSTGPAGPR
Chelonia_mydas,161,Trypsin,2043,11,961.04518,8.07,GPAGPSGPHGK
Chelonia_mydas,162,Trypsin,2046,3,346.34328,5.98,DGR
Chelonia_mydas,163,Trypsin,2059,13,1204.39448,9.71,NGLPGPIGPAGVR
Chelonia_mydas,164,Trypsin,2099,40,3685.84068,4.66,GSQGSQGPSGPPGPPGHPGPAGPNGGGYXXEIGYDAEYYR
Chelonia_mydas_P,0,Trypsin,9,9,1086.16628,4.29,QLAYGYDEK
Chelonia_mydas_P,1,Trypsin,27,18,1567.84148,9.71,SVGGXLSMPGPMGPAGPR
Chelonia_mydas_P,2,Trypsin,60,33,3021.31358,4.53,GLPGPPGSPGPQGFQGPPGEPGEPGASGPMGPR
Chelonia_mydas_P,3,Trypsin,84,24,1611.64808,4.76,XXXXXXXXNGDDGEAGKPGRPGER
Chelonia_mydas_P,4,Trypsin,93,9,809.88018,9.71,GAPGPQGAR
Chelonia_mydas_P,5,Trypsin,105,12,1098.32568,8.06,GLPGTAGLPGMK
Chelonia_mydas_P,6,Trypsin,108,3,368.39578,9.73,GHR
Chelonia_mydas_P,7,Trypsin,117,9,850.92668,5.87,GFSGLDGAK
Chelonia_mydas_P,8,Trypsin,126,9,798.85098,5.87,GDTGPAGPK
Chelonia_mydas_P,9,Trypsin,144,18,1676.76288,4.53,GEPGSPGENGAPGQIGPR
Chelonia_mydas_P,10,Trypsin,150,6,627.69818,6.23,GLPGER
Chelonia_mydas_P,11,Trypsin,162,12,1069.14528,11.49,GRPGPSGSAGAR
Chelonia_mydas_P,12,Trypsin,192,30,2470.68358,5.87,GNDGAPGAAGPTGPAGPAGPPGFPGAVGAK
Chelonia_mydas_P,13,Trypsin,201,9,857.87838,6.23,GETGPQGGR
Chelonia_mydas_P,14,Trypsin,210,9,827.85208,6.23,GGEGPQGAR
Chelonia_mydas_P,15,Trypsin,237,27,2272.37258,4.29,GEPGAPGPAGAAGPTGNPGSDGQPGAK
Chelonia_mydas_P,16,Trypsin,255,18,1524.69938,9.71,GATGAPGIAGAPGFPGAR
Chelonia_mydas_P,17,Trypsin,270,15,1290.39828,8.06,GPSGPQGPSGAPGPK
Chelonia_mydas_P,18,Trypsin,282,12,1084.11048,6.13,GNSGEPGAPGNK
Chelonia_mydas_P,19,Trypsin,288,6,517.53938,5.87,GDAGAK
Chelonia_mydas_P,20,Trypsin,308,20,1831.95678,4.25,GEPGPVGVQGPPGPSGEEGK
Chelonia_mydas_P,21,Trypsin,309,1,174.20278,9.71,R
Chelonia_mydas_P,22,Trypsin,312,3,318.33288,9.71,GSR
Chelonia_mydas_P,23,Trypsin,327,15,1361.47708,4.53,GEPGPAGLPGPAGER
Chelonia_mydas_P,24,Trypsin,333,6,543.58028,9.71,GAPGSR
Chelonia_mydas_P,25,Trypsin,345,12,1118.21138,5.87,GFPGSDGISGPK
Chelonia_mydas_P,26,Trypsin,351,6,615.64388,6.23,GPTGER
Chelonia_mydas_P,27,Trypsin,360,9,794.90598,8.06,GSPGPVGPK
Chelonia_mydas_P,28,Trypsin,378,18,1649.78068,6.28,GSPGESGRPGEPGLPGAK
Chelonia_mydas_P,29,Trypsin,392,14,1226.30848,5.87,GLTGSPGSPGPDGK
Chelonia_mydas_P,30,Trypsin,414,22,1961.08118,9.56,TGPTGPAGQDGRPGAAGPPGSR
Chelonia_mydas_P,31,Trypsin,426,12,1114.32768,8.06,GPAGVMGFPGPK
Chelonia_mydas_P,32,Trypsin,438,12,1125.20648,6.28,GAAGEPGKPGER
Chelonia_mydas_P,33,Trypsin,452,14,1162.35438,8.06,GVPGPVGAVGAPGK
Chelonia_mydas_P,34,Trypsin,471,19,1680.70798,4.05,DGEAGAQGPPGAAGPSGER
Chelonia_mydas_P,35,Trypsin,497,26,2307.46118,4.53,GEQGPSGAPGFQGLPGPAGPAGESGK
Chelonia_mydas_P,36,Trypsin,516,19,1666.72448,4.29,SGEQGVPGDAGAPGPAGSR
Chelonia_mydas_P,37,Trypsin,525,9,661.71538,6.23,XXXGFPGER
Chelonia_mydas_P,38,Trypsin,537,12,1120.23328,9.71,GVQGAPGPQGPR
Chelonia_mydas_P,39,Trypsin,549,12,1014.01938,5.87,GGNGAPGNDGAK
Chelonia_mydas_P,40,Trypsin,573,24,2204.35858,4.29,GDAGAPGSPGNQGPPGLQGMPGER
Chelonia_mydas_P,41,Trypsin,582,9,768.87098,9.71,GAAGLPGAR
Chelonia_mydas_P,42,Trypsin,585,3,346.34328,5.98,GDR
Chelonia_mydas_P,43,Trypsin,591,6,529.55038,5.87,GDGGPK
Chelonia_mydas_P,44,Trypsin,599,8,671.70798,5.87,GADGAPGK
Chelonia_mydas_P,45,Trypsin,603,4,443.45998,5.98,DGPR
Chelonia_mydas_P,46,Trypsin,621,18,1558.75438,5.87,GLTGPIGPPGPAGAPGDK
Chelonia_mydas_P,47,Trypsin,636,15,1287.30848,6.23,GEAGPSGPSGSTGAR
Chelonia_mydas_P,48,Trypsin,642,6,571.59068,5.98,GAPGDR
Chelonia_mydas_P,49,Trypsin,666,24,2086.24808,4.29,GEPGPPGPAGFAGPPGADGQPGAK
Chelonia_mydas_P,50,Trypsin,675,9,804.81188,4.29,GETGDAGAK
Chelonia_mydas_P,51,Trypsin,702,27,2168.35068,5.87,GDAGAPGPAGPTGAPGPSGAVGAPGPK
Chelonia_mydas_P,52,Trypsin,705,3,302.33348,9.71,GAR
Chelonia_mydas_P,53,Trypsin,722,17,1427.53938,9.71,GSAGPPGATGFPGAAGR
Chelonia_mydas_P,54,Trypsin,743,21,1839.08118,8.06,VGPPGPSGNIGLPGPPGPSGK
Chelonia_mydas_P,55,Trypsin,750,7,457.48688,6.23,EXXXGPR
Chelonia_mydas_P,56,Trypsin,758,8,785.85518,6.23,GETGPIGR
Chelonia_mydas_P,57,Trypsin,774,16,1408.48758,4.53,TGEPGPAGAPGPSGEK
Chelonia_mydas_P,58,Trypsin,798,24,2089.20878,5.98,GSPGADGAPGAPGTPGPQGISGQR
Chelonia_mydas_P,59,Trypsin,807,9,882.03048,9.71,GVVGLPGQR
Chelonia_mydas_P,60,Trypsin,810,3,360.37018,6.23,GER
Chelonia_mydas_P,61,Trypsin,824,14,1296.44538,6.13,GFPGLPGPSGEPGK
Chelonia_mydas_P,62,Trypsin,834,10,960.95598,6.23,QGPSGSSGER
Chelonia_mydas_P,63,Trypsin,854,20,1736.94808,6.23,GPPGPVGPPGLAGPPGEAGR
Chelonia_mydas_P,64,Trypsin,866,12,1084.11058,4.53,EGSPGAEGAPGR
Chelonia_mydas_P,65,Trypsin,873,7,614.65608,5.87,DGAAGPK
Chelonia_mydas_P,66,Trypsin,876,3,346.34328,5.98,GDR
Chelonia_mydas_P,67,Trypsin,902,26,2135.36408,6.13,GETGPAGPPGAPGAPGAPGPIGPAGK
Chelonia_mydas_P,68,Trypsin,906,4,460.44708,5.98,NGDR
Chelonia_mydas_P,69,Trypsin,924,18,1516.63348,6.23,GETGPAGPAGPAGPAGPR
Chelonia_mydas_P,70,Trypsin,933,9,809.88018,9.71,GAAGPQGPR
Chelonia_mydas_P,71,Trypsin,936,3,318.32988,5.87,GDK
Chelonia_mydas_P,72,Trypsin,945,9,956.92428,4.66,GETGEHGDR
Chelonia_mydas_P,73,Trypsin,951,6,368.39578,9.73,XXXGHR
Chelonia_mydas_P,74,Trypsin,981,30,2657.83868,6.23,GFSGLQGPPGPPGSPGEQGPSGASGPAGPR
Chelonia_mydas_P,75,Trypsin,992,11,926.98168,8.06,GPPGSSGSPGK
Chelonia_mydas_P,76,Trypsin,1008,16,1513.71638,5.98,DGLNGLPGPIGPPGPR
Chelonia_mydas_P,77,Trypsin,1010,2,231.25468,9.71,GR
Chelonia_mydas_P,78,Trypsin,1048,38,3635.00648,3.89,TGDVGPAGPPGPPGPPGPPGPPSGGFDFSFLPQPPQEK
Chelonia_mydas_P,79,Trypsin,1078,30,1520.74128,5.97,XXXXXXXXXXXXXXXAADYGQGPMGIMGPR
Chelonia_mydas_P,80,Trypsin,1111,33,2944.12648,4.53,GAPGTSGPPGAQGFQGPAGEPGEPGQTGPVGAR
Chelonia_mydas_P,81,Trypsin,1131,20,1193.24128,7.08,XXXXXXXXSGEDGHPGKPGR
Chelonia_mydas_P,82,Trypsin,1144,13,841.92238,9.71,XXXXGVPGTQGAR
Chelonia_mydas_P,83,Trypsin,1156,12,1174.36478,8.06,GFPGTPGLPGFK
Chelonia_mydas_P,84,Trypsin,1159,3,344.41408,9.71,GIR
Chelonia_mydas_P,85,Trypsin,1168,9,952.98208,7.2,GHNGLDGQR
Chelonia_mydas_P,86,Trypsin,1177,9,783.88268,8.06,GQAGAPGVK
Chelonia_mydas_P,87,Trypsin,1195,18,1648.66878,5.64,GEPGAHGENGSPGQAGAR
Chelonia_mydas_P,88,Trypsin,1213,18,912.01348,9.71,XXXXXXXXVGSPGPVGSR
Chelonia_mydas_P,89,Trypsin,1243,30,2473.68418,5.87,GSDGSAGPTGPAGPIGAAGPPGFPGAPGAK
Chelonia_mydas_P,90,Trypsin,1261,18,1506.63828,5.98,GDIGAAGAVGPSGPAGPR
Chelonia_mydas_P,91,Trypsin,1288,27,2270.48668,6.13,GEPGLPGASGPVGPAGNPGANGIAGAK
Chelonia_mydas_P,92,Trypsin,1306,18,1514.74758,9.71,GAAGLPGVAGAPGLPGPR
Chelonia_mydas_P,93,Trypsin,1321,15,1249.39208,9.71,GIPGPAGPAGTAGAR
Chelonia_mydas_P,94,Trypsin,1333,12,1040.14108,6.13,GLAGEPGPAGSK
Chelonia_mydas_P,95,Trypsin,1339,6,590.59068,6.13,GESGNK
Chelonia_mydas_P,96,Trypsin,1359,20,1735.78438,4.25,GEPGAAGSPGPAGPNGEEGK
Chelonia_mydas_P,97,Trypsin,1360,1,174.20278,9.71,R
Chelonia_mydas_P,98,Trypsin,1378,18,1542.62548,6.23,GSTGEAGATGPPGSAGLR
Chelonia_mydas_P,99,Trypsin,1392,14,771.82828,6.23,XXXXXXGLPGSEGR
Chelonia_mydas_P,100,Trypsin,1402,10,906.02448,9.71,AGSMGLAGSR
Chelonia_mydas_P,101,Trypsin,1411,9,768.82768,9.71,GSPGPAGAR
Chelonia_mydas_P,102,Trypsin,1429,18,1675.82148,6.28,GPGGDSGRPGEPGLLGPR
Chelonia_mydas_P,103,Trypsin,1443,14,1246.38838,8.06,GLPGQPGNPGPAGK
Chelonia_mydas_P,104,Trypsin,1455,12,1158.23588,4.29,EGPVGFPGADGR
Chelonia_mydas_P,105,Trypsin,1465,10,920.07938,9.71,VGPIGPAGPR
Chelonia_mydas_P,106,Trypsin,1477,12,1169.30238,6.13,GEPGNIGFPGPK
Chelonia_mydas_P,107,Trypsin,1489,12,1152.22908,6.12,GPNGEPGKPGDK
Chelonia_mydas_P,108,Trypsin,1498,9,815.88448,9.71,GNVGVAGSR
Chelonia_mydas_P,109,Trypsin,1522,24,2085.22038,5.87,GAPGPDGNNGVQGPPGVAGNPGAK
Chelonia_mydas_P,110,Trypsin,1552,30,2742.94438,4.67,GEQGPAGPPGFQGLPGPSGPAGEAGKPGDR
Chelonia_mydas_P,111,Trypsin,1567,15,1421.61878,6.23,GIPGEFGLPGPAGPR
Chelonia_mydas_P,112,Trypsin,1588,21,1572.71308,6.23,XXXGAPGESGAVGPVGSMGSR
Chelonia_mydas_P,113,Trypsin,1600,12,1083.12278,5.87,GPTGPPGSDGNK
Chelonia_mydas_P,114,Trypsin,1624,24,2054.20638,4.53,GEPGNVGAPGGPGPAGPGGIPGER
Chelonia_mydas_P,115,Trypsin,1633,9,754.88448,8.06,GIAGVPGGK
Chelonia_mydas_P,116,Trypsin,1636,3,332.35678,6.13,GEK
Chelonia_mydas_P,117,Trypsin,1642,6,611.74208,9.71,GLPGLR
Chelonia_mydas_P,118,Trypsin,1672,30,1518.64928,5.98,XXXXXXXXXXXXGIPGAVGSPGPAGGPGDR
Chelonia_mydas_P,119,Trypsin,1687,15,1251.32128,6.23,GEAGPAGSAGPAGPR
Chelonia_mydas_P,120,Trypsin,1693,6,585.61758,6.23,GAPGER
Chelonia_mydas_P,121,Trypsin,1717,24,2053.17528,6.13,GESGPAGPNGFAGPPGAAGQTGAK
Chelonia_mydas_P,122,Trypsin,1720,3,360.37018,6.23,GER
Chelonia_mydas_P,123,Trypsin,1723,3,331.37198,8.06,GQK
Chelonia_mydas_P,124,Trypsin,1726,3,300.35798,8.06,GPK
Chelonia_mydas_P,125,Trypsin,1756,30,2455.71268,6.23,GEVGPLGAIGPAGSSGPAGPIGAAGPAGGR
Chelonia_mydas_P,126,Trypsin,1773,17,1445.51128,5.98,GDAGPSGATGFPGAAGR
Chelonia_mydas_P,127,Trypsin,1794,21,1827.02688,8.06,TGPPGPAGITGPPGPPGQSGK
Chelonia_mydas_P,128,Trypsin,1798,4,443.45998,5.98,DGPR
Chelonia_mydas_P,129,Trypsin,1801,3,328.37138,9.71,GPR
Chelonia_mydas_P,130,Trypsin,1825,24,2321.57488,4.67,GDTGPVGRPGEQGIVGPPGFIGEK
Chelonia_mydas_P,131,Trypsin,1858,33,2866.18298,6.23,GPSGEPGGAGPPGTSGPQGILGAPGILGLPGSR
Chelonia_mydas_P,132,Trypsin,1861,3,360.37018,6.23,GER
Chelonia_mydas_P,133,Trypsin,1885,24,2065.22708,6.23,GLPGISGGTGEPGPAGISGPSGSR
Chelonia_mydas_P,134,Trypsin,1905,20,1731.84228,6.23,GPSGPSGAPGLNGPPGEAGR
Chelonia_mydas_P,135,Trypsin,1917,12,1152.14528,4.04,DGNPGNDGPPGR
Chelonia_mydas_P,136,Trypsin,1924,7,690.75388,5.87,DGAPGFK
Chelonia_mydas_P,137,Trypsin,1927,3,360.37018,6.23,GER
Chelonia_mydas_P,138,Trypsin,1957,30,2655.87208,8.81,GYPGNNGLAGAAGAPGPHGAVGPSGKPGNR
Chelonia_mydas_P,139,Trypsin,1975,18,1578.74528,6.23,GEPGPVGVTGSIGPAGAR
Chelonia_mydas_P,140,Trypsin,1984,9,837.93388,9.71,GLGGPQGPR
Chelonia_mydas_P,141,Trypsin,1987,3,332.35678,6.13,GEK
Chelonia_mydas_P,142,Trypsin,1993,6,571.63108,5.87,GVPGDK
Chelonia_mydas_P,143,Trypsin,1996,3,328.37138,9.71,GPR
Chelonia_mydas_P,144,Trypsin,2032,36,2770.96358,7.47,XXXXXXGHNGLQGLPGLAGHHGDQGAPGSTGPAGPR
Chelonia_mydas_P,145,Trypsin,2043,11,961.04518,8.07,GPAGPSGPHGK
Chelonia_mydas_P,146,Trypsin,2046,3,346.34328,5.98,DGR
Chelonia_mydas_P,147,Trypsin,2059,13,1204.39448,9.71,NGLPGPIGPAGVR
Chelonia_mydas_P,148,Trypsin,2099,40,3571.73688,4.66,GSQGSQGPSGPPGPPGHPGPAGPNXXGYXXEIGYDAEYYR
Chelonia_mydas_A,0,Trypsin,9,9,1086.16628,4.29,QLAYGYDEK
Chelonia_mydas_A,1,Trypsin,27,18,1567.84148,9.71,SVGGXLSMPGPMGPAGPR
Chelonia_mydas_A,2,Trypsin,60,33,3021.31358,4.53,GLPGPPGSPGPQGFQGPPGEPGEPGASGPMGPR
Chelonia_mydas_A,3,Trypsin,68,8,679.77398,8.06,GPAGPPGK
Chelonia_mydas_A,4,Trypsin,84,16,1611.64808,4.76,NGDDGEAGKPGRPGER
Chelonia_mydas_A,5,Trypsin,93,9,809.88018,9.71,GAPGPQGAR
Chelonia_mydas_A,6,Trypsin,105,12,1098.32568,8.06,GLPGTAGLPGMK
Chelonia_mydas_A,7,Trypsin,108,3,368.39578,9.73,GHR
Chelonia_mydas_A,8,Trypsin,117,9,850.92668,5.87,GFSGLDGAK
Chelonia_mydas_A,9,Trypsin,126,9,798.85098,5.87,GDTGPAGPK
Chelonia_mydas_A,10,Trypsin,144,18,1676.76288,4.53,GEPGSPGENGAPGQIGPR
Chelonia_mydas_A,11,Trypsin,150,6,627.69818,6.23,GLPGER
Chelonia_mydas_A,12,Trypsin,162,12,1069.14528,11.49,GRPGPSGSAGAR
Chelonia_mydas_A,13,Trypsin,192,30,2470.68358,5.87,GNDGAPGAAGPTGPAGPAGPPGFPGAVGAK
Chelonia_mydas_A,14,Trypsin,201,9,857.87838,6.23,GETGPQGGR
Chelonia_mydas_A,15,Trypsin,210,9,827.85208,6.23,GGEGPQGAR
Chelonia_mydas_A,16,Trypsin,237,27,2272.37258,4.29,GEPGAPGPAGAAGPTGNPGSDGQPGAK
Chelonia_mydas_A,17,Trypsin,255,18,1524.69938,9.71,GATGAPGIAGAPGFPGAR
Chelonia_mydas_A,18,Trypsin,270,15,1290.39828,8.06,GPSGPQGPSGAPGPK
Chelonia_mydas_A,19,Trypsin,282,12,1084.11048,6.13,GNSGEPGAPGNK
Chelonia_mydas_A,20,Trypsin,288,6,517.53938,5.87,GDAGAK
Chelonia_mydas_A,21,Trypsin,308,20,1831.95678,4.25,GEPGPVGVQGPPGPSGEEGK
Chelonia_mydas_A,22,Trypsin,309,1,174.20278,9.71,R
Chelonia_mydas_A,23,Trypsin,312,3,318.33288,9.71,GSR
Chelonia_mydas_A,24,Trypsin,327,15,1361.47708,4.53,GEPGPAGLPGPAGER
Chelonia_mydas_A,25,Trypsin,333,6,543.58028,9.71,GAPGSR
Chelonia_mydas_A,26,Trypsin,345,12,1118.21138,5.87,GFPGSDGISGPK
Chelonia_mydas_A,27,Trypsin,351,6,615.64388,6.23,GPTGER
Chelonia_mydas_A,28,Trypsin,360,9,794.90598,8.06,GSPGPVGPK
Chelonia_mydas_A,29,Trypsin,378,18,1649.78068,6.28,GSPGESGRPGEPGLPGAK
Chelonia_mydas_A,30,Trypsin,392,14,1226.30848,5.87,GLTGSPGSPGPDGK
Chelonia_mydas_A,31,Trypsin,414,22,1961.08118,9.56,TGPTGPAGQDGRPGAAGPPGSR
Chelonia_mydas_A,32,Trypsin,426,12,1114.32768,8.06,GPAGVMGFPGPK
Chelonia_mydas_A,33,Trypsin,438,12,1125.20648,6.28,GAAGEPGKPGER
Chelonia_mydas_A,34,Trypsin,452,14,1162.35438,8.06,GVPGPVGAVGAPGK
Chelonia_mydas_A,35,Trypsin,471,19,1680.70798,4.05,DGEAGAQGPPGAAGPSGER
Chelonia_mydas_A,36,Trypsin,497,26,2307.46118,4.53,GEQGPSGAPGFQGLPGPAGPAGESGK
Chelonia_mydas_A,37,Trypsin,516,19,1666.72448,4.29,SGEQGVPGDAGAPGPAGSR
Chelonia_mydas_A,38,Trypsin,519,3,360.37018,6.23,GER
Chelonia_mydas_A,39,Trypsin,525,6,661.71538,6.23,GFPGER
Chelonia_mydas_A,40,Trypsin,537,12,1120.23328,9.71,GVQGAPGPQGPR
Chelonia_mydas_A,41,Trypsin,549,12,1014.01938,5.87,GGNGAPGNDGAK
Chelonia_mydas_A,42,Trypsin,573,24,2204.35858,4.29,GDAGAPGSPGNQGPPGLQGMPGER
Chelonia_mydas_A,43,Trypsin,582,9,768.87098,9.71,GAAGLPGAR
Chelonia_mydas_A,44,Trypsin,585,3,346.34328,5.98,GDR
Chelonia_mydas_A,45,Trypsin,591,6,529.55038,5.87,GDGGPK
Chelonia_mydas_A,46,Trypsin,599,8,671.70798,5.87,GADGAPGK
Chelonia_mydas_A,47,Trypsin,603,4,443.45998,5.98,DGPR
Chelonia_mydas_A,48,Trypsin,621,18,1558.75438,5.87,GLTGPIGPPGPAGAPGDK
Chelonia_mydas_A,49,Trypsin,636,15,1287.30848,6.23,GEAGPSGPSGSTGAR
Chelonia_mydas_A,50,Trypsin,642,6,571.59068,5.98,GAPGDR
Chelonia_mydas_A,51,Trypsin,666,24,2086.24808,4.29,GEPGPPGPAGFAGPPGADGQPGAK
Chelonia_mydas_A,52,Trypsin,675,9,804.81188,4.29,GETGDAGAK
Chelonia_mydas_A,53,Trypsin,702,27,2168.35068,5.87,GDAGAPGPAGPTGAPGPSGAVGAPGPK
Chelonia_mydas_A,54,Trypsin,705,3,302.33348,9.71,GAR
Chelonia_mydas_A,55,Trypsin,722,17,1427.53938,9.71,GSAGPPGATGFPGAAGR
Chelonia_mydas_A,56,Trypsin,743,21,1839.08118,8.06,VGPPGPSGNIGLPGPPGPSGK
Chelonia_mydas_A,57,Trypsin,750,7,271.31948,9.71,XXXXXPR
Chelonia_mydas_A,58,Trypsin,758,8,785.85518,6.23,GETGPIGR
Chelonia_mydas_A,59,Trypsin,774,16,1408.48758,4.53,TGEPGPAGAPGPSGEK
Chelonia_mydas_A,60,Trypsin,798,24,2089.20878,5.98,GSPGADGAPGAPGTPGPQGISGQR
Chelonia_mydas_A,61,Trypsin,807,9,882.03048,9.71,GVVGLPGQR
Chelonia_mydas_A,62,Trypsin,810,3,360.37018,6.23,GER
Chelonia_mydas_A,63,Trypsin,824,14,1296.44538,6.13,GFPGLPGPSGEPGK
Chelonia_mydas_A,64,Trypsin,834,10,960.95598,6.23,QGPSGSSGER
Chelonia_mydas_A,65,Trypsin,854,20,1736.94808,6.23,GPPGPVGPPGLAGPPGEAGR
Chelonia_mydas_A,66,Trypsin,866,12,1084.11058,4.53,EGSPGAEGAPGR
Chelonia_mydas_A,67,Trypsin,873,7,614.65608,5.87,DGAAGPK
Chelonia_mydas_A,68,Trypsin,876,3,346.34328,5.98,GDR
Chelonia_mydas_A,69,Trypsin,902,26,2135.36408,6.13,GETGPAGPPGAPGAPGAPGPIGPAGK
Chelonia_mydas_A,70,Trypsin,906,4,460.44708,5.98,NGDR
Chelonia_mydas_A,71,Trypsin,924,18,1516.63348,6.23,GETGPAGPAGPAGPAGPR
Chelonia_mydas_A,72,Trypsin,933,9,809.88018,9.71,GAAGPQGPR
Chelonia_mydas_A,73,Trypsin,936,3,318.32988,5.87,GDK
Chelonia_mydas_A,74,Trypsin,945,9,956.92428,4.66,GETGEHGDR
Chelonia_mydas_A,75,Trypsin,951,6,368.39578,9.73,XXXGHR
Chelonia_mydas_A,76,Trypsin,981,30,2657.83868,6.23,GFSGLQGPPGPPGSPGEQGPSGASGPAGPR
Chelonia_mydas_A,77,Trypsin,992,11,926.98168,8.06,GPPGSSGSPGK
Chelonia_mydas_A,78,Trypsin,1008,16,1513.71638,5.98,DGLNGLPGPIGPPGPR
Chelonia_mydas_A,79,Trypsin,1048,40,3635.00648,3.89,XXTGDVGPAGPPGPPGPPGPPGPPSGGFDFSFLPQPPQEK
Chelonia_mydas_A,80,Trypsin,1063,15,736.77958,5.87,XXXXXXXXXQYDPSK
Chelonia_mydas_A,81,Trypsin,1078,15,1520.74128,5.97,AADYGQGPMGIMGPR
Chelonia_mydas_A,82,Trypsin,1111,33,2944.12648,4.53,GAPGTSGPPGAQGFQGPAGEPGEPGQTGPVGAR
Chelonia_mydas_A,83,Trypsin,1119,8,679.77398,8.06,GPAGPPGK
Chelonia_mydas_A,84,Trypsin,1131,12,1193.24128,7.08,SGEDGHPGKPGR
Chelonia_mydas_A,85,Trypsin,1135,4,174.20278,9.71,XXXR
Chelonia_mydas_A,86,Trypsin,1144,9,841.92238,9.71,GVPGTQGAR
Chelonia_mydas_A,87,Trypsin,1156,12,1174.36478,8.06,GFPGTPGLPGFK
Chelonia_mydas_A,88,Trypsin,1159,3,344.41408,9.71,GIR
Chelonia_mydas_A,89,Trypsin,1177,18,783.88268,8.06,XXXXXXXXXGQAGAPGVK
Chelonia_mydas_A,90,Trypsin,1195,18,1648.66878,5.64,GEPGAHGENGSPGQAGAR
Chelonia_mydas_A,91,Trypsin,1213,18,912.01348,9.71,XXXXXXXXVGSPGPVGSR
Chelonia_mydas_A,92,Trypsin,1243,30,2473.68418,5.87,GSDGSAGPTGPAGPIGAAGPPGFPGAPGAK
Chelonia_mydas_A,93,Trypsin,1261,18,1506.63828,5.98,GDIGAAGAVGPSGPAGPR
Chelonia_mydas_A,94,Trypsin,1288,27,2270.48668,6.13,GEPGLPGASGPVGPAGNPGANGIAGAK
Chelonia_mydas_A,95,Trypsin,1306,18,1514.74758,9.71,GAAGLPGVAGAPGLPGPR
Chelonia_mydas_A,96,Trypsin,1321,15,1249.39208,9.71,GIPGPAGPAGTAGAR
Chelonia_mydas_A,97,Trypsin,1333,12,1040.14108,6.13,GLAGEPGPAGSK
Chelonia_mydas_A,98,Trypsin,1339,6,590.59068,6.13,GESGNK
Chelonia_mydas_A,99,Trypsin,1359,20,1735.78438,4.25,GEPGAAGSPGPAGPNGEEGK
Chelonia_mydas_A,100,Trypsin,1360,1,174.20278,9.71,R
Chelonia_mydas_A,101,Trypsin,1378,18,1542.62548,6.23,GSTGEAGATGPPGSAGLR
Chelonia_mydas_A,102,Trypsin,1392,14,771.82828,6.23,XXXXXXGLPGSEGR
Chelonia_mydas_A,103,Trypsin,1402,10,906.02448,9.71,AGSMGLAGSR
Chelonia_mydas_A,104,Trypsin,1411,9,768.82768,9.71,GSPGPAGAR
Chelonia_mydas_A,105,Trypsin,1429,18,1675.82148,6.28,GPGGDSGRPGEPGLLGPR
Chelonia_mydas_A,106,Trypsin,1443,14,1246.38838,8.06,GLPGQPGNPGPAGK
Chelonia_mydas_A,107,Trypsin,1455,12,1158.23588,4.29,EGPVGFPGADGR
Chelonia_mydas_A,108,Trypsin,1465,10,920.07938,9.71,VGPIGPAGPR
Chelonia_mydas_A,109,Trypsin,1477,12,1169.30238,6.13,GEPGNIGFPGPK
Chelonia_mydas_A,110,Trypsin,1489,12,1152.22908,6.12,GPNGEPGKPGDK
Chelonia_mydas_A,111,Trypsin,1498,9,815.88448,9.71,GNVGVAGSR
Chelonia_mydas_A,112,Trypsin,1522,24,2085.22038,5.87,GAPGPDGNNGVQGPPGVAGNPGAK
Chelonia_mydas_A,113,Trypsin,1552,30,2742.94438,4.67,GEQGPAGPPGFQGLPGPSGPAGEAGKPGDR
Chelonia_mydas_A,114,Trypsin,1567,15,1421.61878,6.23,GIPGEFGLPGPAGPR
Chelonia_mydas_A,115,Trypsin,1570,3,360.37018,6.23,GER
Chelonia_mydas_A,116,Trypsin,1588,18,1572.71308,6.23,GAPGESGAVGPVGSMGSR
Chelonia_mydas_A,117,Trypsin,1600,12,1083.12278,5.87,GPTGPPGSDGNK
Chelonia_mydas_A,118,Trypsin,1624,24,2054.20638,4.53,GEPGNVGAPGGPGPAGPGGIPGER
Chelonia_mydas_A,119,Trypsin,1633,9,754.88448,8.06,GIAGVPGGK
Chelonia_mydas_A,120,Trypsin,1636,3,332.35678,6.13,GEK
Chelonia_mydas_A,121,Trypsin,1642,6,611.74208,9.71,GLPGLR
Chelonia_mydas_A,122,Trypsin,1650,8,717.73668,6.23,GEAGATGR
Chelonia_mydas_A,123,Trypsin,1654,4,433.42148,5.98,DGSR
Chelonia_mydas_A,124,Trypsin,1672,18,1518.64928,5.98,GIPGAVGSPGPAGGPGDR
Chelonia_mydas_A,125,Trypsin,1687,15,1251.32128,6.23,GEAGPAGSAGPAGPR
Chelonia_mydas_A,126,Trypsin,1717,30,2053.17528,6.13,XXXXXXGESGPAGPNGFAGPPGAAGQTGAK
Chelonia_mydas_A,127,Trypsin,1720,3,360.37018,6.23,GER
Chelonia_mydas_A,128,Trypsin,1723,3,331.37198,8.06,GQK
Chelonia_mydas_A,129,Trypsin,1726,3,300.35798,8.06,GPK
Chelonia_mydas_A,130,Trypsin,1756,30,2455.71268,6.23,GEVGPLGAIGPAGSSGPAGPIGAAGPAGGR
Chelonia_mydas_A,131,Trypsin,1773,17,1445.51128,5.98,GDAGPSGATGFPGAAGR
Chelonia_mydas_A,132,Trypsin,1794,21,1827.02688,8.06,TGPPGPAGITGPPGPPGQSGK
Chelonia_mydas_A,133,Trypsin,1798,4,443.45998,5.98,DGPR
Chelonia_mydas_A,134,Trypsin,1801,3,328.37138,9.71,GPR
Chelonia_mydas_A,135,Trypsin,1825,24,2321.57488,4.67,GDTGPVGRPGEQGIVGPPGFIGEK
Chelonia_mydas_A,136,Trypsin,1858,33,2866.18298,6.23,GPSGEPGGAGPPGTSGPQGILGAPGILGLPGSR
Chelonia_mydas_A,137,Trypsin,1861,3,360.37018,6.23,GER
Chelonia_mydas_A,138,Trypsin,1885,24,2065.22708,6.23,GLPGISGGTGEPGPAGISGPSGSR
Chelonia_mydas_A,139,Trypsin,1905,20,1731.84228,6.23,GPSGPSGAPGLNGPPGEAGR
Chelonia_mydas_A,140,Trypsin,1917,12,1152.14528,4.04,DGNPGNDGPPGR
Chelonia_mydas_A,141,Trypsin,1924,7,690.75388,5.87,DGAPGFK
Chelonia_mydas_A,142,Trypsin,1927,3,360.37018,6.23,GER
Chelonia_mydas_A,143,Trypsin,1957,30,2655.87208,8.81,GYPGNNGLAGAAGAPGPHGAVGPSGKPGNR
Chelonia_mydas_A,144,Trypsin,1975,18,1578.74528,6.23,GEPGPVGVTGSIGPAGAR
Chelonia_mydas_A,145,Trypsin,1984,9,837.93388,9.71,GLGGPQGPR
Chelonia_mydas_A,146,Trypsin,1993,9,571.63108,5.87,XXXGVPGDK
Chelonia_mydas_A,147,Trypsin,1996,3,328.37138,9.71,GPR
Chelonia_mydas_A,148,Trypsin,2032,36,2770.96358,7.47,XXXXXXGHNGLQGLPGLAGHHGDQGAPGSTGPAGPR
Chelonia_mydas_A,149,Trypsin,2043,11,961.04518,8.07,GPAGPSGPHGK
Chelonia_mydas_A,150,Trypsin,2046,3,346.34328,5.98,DGR
Chelonia_mydas_A,151,Trypsin,2059,13,1204.39448,9.71,NGLPGPIGPAGVR
Chelonia_mydas_A,152,Trypsin,2099,40,1498.56838,4.05,XXXXXXXXXXXXXXXXXXXXXXXXXXGYXXEIGYDAEYYR
Chelonia_sp._Ancient,0,Trypsin,27,27,1567.84148,9.71,XXXXXXXXXSVGGXLSMPGPMGPAGPR
Chelonia_sp._Ancient,1,Trypsin,60,33,3021.31358,4.53,GLPGPPGSPGPQGFQGPPGEPGEPGASGPMGPR
Chelonia_sp._Ancient,2,Trypsin,84,24,1611.64808,4.76,XXXXXXXXNGDDGEAGKPGRPGER
Chelonia_sp._Ancient,3,Trypsin,93,9,809.88018,9.71,GAPGPQGAR
Chelonia_sp._Ancient,4,Trypsin,105,12,1098.32568,8.06,GLPGTAGLPGMK
Chelonia_sp._Ancient,5,Trypsin,117,12,850.92668,5.87,XXXGFSGLDGAK
Chelonia_sp._Ancient,6,Trypsin,126,9,798.85098,5.87,GDTGPAGPK
Chelonia_sp._Ancient,7,Trypsin,144,18,1676.76288,4.53,GEPGSPGENGAPGQIGPR
Chelonia_sp._Ancient,8,Trypsin,162,18,1069.14528,11.49,XXXXXXGRPGPSGSAGAR
Chelonia_sp._Ancient,9,Trypsin,192,30,2470.68358,5.87,GNDGAPGAAGPTGPAGPAGPPGFPGAVGAK
Chelonia_sp._Ancient,10,Trypsin,201,9,857.87838,6.23,GETGPQGGR
Chelonia_sp._Ancient,11,Trypsin,237,36,2272.37258,4.29,XXXXXXXXXGEPGAPGPAGAAGPTGNPGSDGQPGAK
Chelonia_sp._Ancient,12,Trypsin,255,18,1524.69938,9.71,GATGAPGIAGAPGFPGAR
Chelonia_sp._Ancient,13,Trypsin,270,15,1290.39828,8.06,GPSGPQGPSGAPGPK
Chelonia_sp._Ancient,14,Trypsin,282,12,1084.11048,6.13,GNSGEPGAPGNK
Chelonia_sp._Ancient,15,Trypsin,288,6,517.53938,5.87,GDAGAK
Chelonia_sp._Ancient,16,Trypsin,308,20,1831.95678,4.25,GEPGPVGVQGPPGPSGEEGK
Chelonia_sp._Ancient,17,Trypsin,309,1,174.20278,9.71,R
Chelonia_sp._Ancient,18,Trypsin,312,3,318.33288,9.71,GSR
Chelonia_sp._Ancient,19,Trypsin,327,15,1361.47708,4.53,GEPGPAGLPGPAGER
Chelonia_sp._Ancient,20,Trypsin,333,6,543.58028,9.71,GAPGSR
Chelonia_sp._Ancient,21,Trypsin,345,12,1118.21138,5.87,GFPGSDGISGPK
Chelonia_sp._Ancient,22,Trypsin,351,6,615.64388,6.23,GPTGER
Chelonia_sp._Ancient,23,Trypsin,360,9,794.90598,8.06,GSPGPVGPK
Chelonia_sp._Ancient,24,Trypsin,378,18,1649.78068,6.28,GSPGESGRPGEPGLPGAK
Chelonia_sp._Ancient,25,Trypsin,392,14,1226.30848,5.87,GLTGSPGSPGPDGK
Chelonia_sp._Ancient,26,Trypsin,414,22,1961.08118,9.56,TGPTGPAGQDGRPGAAGPPGSR
Chelonia_sp._Ancient,27,Trypsin,426,12,1114.32768,8.06,GPAGVMGFPGPK
Chelonia_sp._Ancient,28,Trypsin,438,12,1125.20648,6.28,GAAGEPGKPGER
Chelonia_sp._Ancient,29,Trypsin,452,14,1162.35438,8.06,GVPGPVGAVGAPGK
Chelonia_sp._Ancient,30,Trypsin,471,19,1680.70798,4.05,DGEAGAQGPPGAAGPSGER
Chelonia_sp._Ancient,31,Trypsin,497,26,2307.46118,4.53,GEQGPSGAPGFQGLPGPAGPAGESGK
Chelonia_sp._Ancient,32,Trypsin,516,19,1666.72448,4.29,SGEQGVPGDAGAPGPAGSR
Chelonia_sp._Ancient,33,Trypsin,519,3,360.37018,6.23,GER
Chelonia_sp._Ancient,34,Trypsin,537,18,1120.23328,9.71,XXXXXXGVQGAPGPQGPR
Chelonia_sp._Ancient,35,Trypsin,549,12,1014.01938,5.87,GGNGAPGNDGAK
Chelonia_sp._Ancient,36,Trypsin,573,24,2204.35858,4.29,GDAGAPGSPGNQGPPGLQGMPGER
Chelonia_sp._Ancient,37,Trypsin,582,9,768.87098,9.71,GAAGLPGAR
Chelonia_sp._Ancient,38,Trypsin,621,39,1558.75438,5.87,XXXXXXXXXXXXXXXXXXXXXGLTGPIGPPGPAGAPGDK
Chelonia_sp._Ancient,39,Trypsin,636,15,1287.30848,6.23,GEAGPSGPSGSTGAR
Chelonia_sp._Ancient,40,Trypsin,642,6,571.59068,5.98,GAPGDR
Chelonia_sp._Ancient,41,Trypsin,666,24,2086.24808,4.29,GEPGPPGPAGFAGPPGADGQPGAK
Chelonia_sp._Ancient,42,Trypsin,675,9,804.81188,4.29,GETGDAGAK
Chelonia_sp._Ancient,43,Trypsin,702,27,2168.35068,5.87,GDAGAPGPAGPTGAPGPSGAVGAPGPK
Chelonia_sp._Ancient,44,Trypsin,705,3,302.33348,9.71,GAR
Chelonia_sp._Ancient,45,Trypsin,722,17,1427.53938,9.71,GSAGPPGATGFPGAAGR
Chelonia_sp._Ancient,46,Trypsin,743,21,1839.08118,8.06,VGPPGPSGNIGLPGPPGPSGK
Chelonia_sp._Ancient,47,Trypsin,758,15,785.85518,6.23,XXXXXXXGETGPIGR
Chelonia_sp._Ancient,48,Trypsin,774,16,1408.48758,4.53,TGEPGPAGAPGPSGEK
Chelonia_sp._Ancient,49,Trypsin,798,24,2089.20878,5.98,GSPGADGAPGAPGTPGPQGISGQR
Chelonia_sp._Ancient,50,Trypsin,807,9,882.03048,9.71,GVVGLPGQR
Chelonia_sp._Ancient,51,Trypsin,810,3,360.37018,6.23,GER
Chelonia_sp._Ancient,52,Trypsin,824,14,1296.44538,6.13,GFPGLPGPSGEPGK
Chelonia_sp._Ancient,53,Trypsin,834,10,960.95598,6.23,QGPSGSSGER
Chelonia_sp._Ancient,54,Trypsin,854,20,1736.94808,6.23,GPPGPVGPPGLAGPPGEAGR
Chelonia_sp._Ancient,55,Trypsin,866,12,1084.11058,4.53,EGSPGAEGAPGR
Chelonia_sp._Ancient,56,Trypsin,873,7,614.65608,5.87,DGAAGPK
Chelonia_sp._Ancient,57,Trypsin,876,3,346.34328,5.98,GDR
Chelonia_sp._Ancient,58,Trypsin,902,26,2135.36408,6.13,GETGPAGPPGAPGAPGAPGPIGPAGK
Chelonia_sp._Ancient,59,Trypsin,906,4,460.44708,5.98,NGDR
Chelonia_sp._Ancient,60,Trypsin,924,18,1516.63348,6.23,GETGPAGPAGPAGPAGPR
Chelonia_sp._Ancient,61,Trypsin,933,9,809.88018,9.71,GAAGPQGPR
Chelonia_sp._Ancient,62,Trypsin,981,48,2657.83868,6.23,XXXXXXXXXXXXXXXXXXGFSGLQGPPGPPGSPGEQGPSGASGPAGPR
Chelonia_sp._Ancient,63,Trypsin,992,11,926.98168,8.06,GPPGSSGSPGK
Chelonia_sp._Ancient,64,Trypsin,1008,16,1513.71638,5.98,DGLNGLPGPIGPPGPR
Chelonia_sp._Ancient,65,Trypsin,1078,70,1520.74128,5.97,XXXXXXXXXXXXXXXXXXXXXXXXXXXXXXXXXXXXXXXXXXXXXXXXXXXXXXXAADYGQGPMGIMGPR
Chelonia_sp._Ancient,66,Trypsin,1111,33,2972.18028,4.53,GVPGTSGPPGAQGFQGPAGEPGEPGQTGPVGAR
Chelonia_sp._Ancient,67,Trypsin,1131,20,1193.24128,7.08,XXXXXXXXSGEDGHPGKPGR
Chelonia_sp._Ancient,68,Trypsin,1144,13,841.92238,9.71,XXXXGVPGTQGAR
Chelonia_sp._Ancient,69,Trypsin,1156,12,1174.36478,8.06,GFPGTPGLPGFK
Chelonia_sp._Ancient,70,Trypsin,1177,21,783.88268,8.06,XXXXXXXXXXXXGQAGAPGVK
Chelonia_sp._Ancient,71,Trypsin,1195,18,1648.66878,5.64,GEPGAHGENGSPGQAGAR
Chelonia_sp._Ancient,72,Trypsin,1213,18,912.01348,9.71,XXXXXXXXVGSPGPVGSR
Chelonia_sp._Ancient,73,Trypsin,1243,30,2473.68418,5.87,GSDGSAGPTGPAGPIGAAGPPGFPGAPGAK
Chelonia_sp._Ancient,74,Trypsin,1261,18,1506.63828,5.98,GDIGAAGAVGPSGPAGPR
Chelonia_sp._Ancient,75,Trypsin,1288,27,2270.48668,6.13,GEPGLPGASGPVGPAGNPGANGIAGAK
Chelonia_sp._Ancient,76,Trypsin,1306,18,1514.74758,9.71,GAAGLPGVAGAPGLPGPR
Chelonia_sp._Ancient,77,Trypsin,1321,15,1249.39208,9.71,GIPGPAGPAGTAGAR
Chelonia_sp._Ancient,78,Trypsin,1333,12,1040.14108,6.13,GLAGEPGPAGSK
Chelonia_sp._Ancient,79,Trypsin,1339,6,590.59068,6.13,GESGNK
Chelonia_sp._Ancient,80,Trypsin,1359,20,1735.78438,4.25,GEPGAAGSPGPAGPNGEEGK
Chelonia_sp._Ancient,81,Trypsin,1360,1,174.20278,9.71,R
Chelonia_sp._Ancient,82,Trypsin,1378,18,1542.62548,6.23,GSTGEAGATGPPGSAGLR
Chelonia_sp._Ancient,83,Trypsin,1402,24,906.02448,9.71,XXXXXXXXXXXXXXAGSMGLAGSR
Chelonia_sp._Ancient,84,Trypsin,1411,9,768.82768,9.71,GSPGPAGAR
Chelonia_sp._Ancient,85,Trypsin,1429,18,1675.82148,6.28,GPGGDSGRPGEPGLLGPR
Chelonia_sp._Ancient,86,Trypsin,1443,14,1246.38838,8.06,GLPGQPGNPGPAGK
Chelonia_sp._Ancient,87,Trypsin,1455,12,1158.23588,4.29,EGPVGFPGADGR
Chelonia_sp._Ancient,88,Trypsin,1465,10,920.07938,9.71,VGPIGPAGPR
Chelonia_sp._Ancient,89,Trypsin,1477,12,1169.30238,6.13,GEPGNIGFPGPK
Chelonia_sp._Ancient,90,Trypsin,1489,12,1152.22908,6.12,GPNGEPGKPGDK
Chelonia_sp._Ancient,91,Trypsin,1498,9,815.88448,9.71,GNVGVAGSR
Chelonia_sp._Ancient,92,Trypsin,1522,24,2085.22038,5.87,GAPGPDGNNGVQGPPGVAGNPGAK
Chelonia_sp._Ancient,93,Trypsin,1552,30,2742.94438,4.67,GEQGPAGPPGFQGLPGPSGPAGEAGKPGDR
Chelonia_sp._Ancient,94,Trypsin,1567,15,1421.61878,6.23,GIPGEFGLPGPAGPR
Chelonia_sp._Ancient,95,Trypsin,1588,21,1572.71308,6.23,XXXGAPGESGAVGPVGSMGSR
Chelonia_sp._Ancient,96,Trypsin,1600,12,1083.12278,5.87,GPTGPPGSDGNK
Chelonia_sp._Ancient,97,Trypsin,1624,24,2054.20638,4.53,GEPGNVGAPGGPGPAGPGGIPGER
Chelonia_sp._Ancient,98,Trypsin,1633,9,754.88448,8.06,GIAGVPGGK
Chelonia_sp._Ancient,99,Trypsin,1650,17,717.73668,6.23,XXXXXXXXXGEAGATGR
Chelonia_sp._Ancient,100,Trypsin,1672,22,1518.64928,5.98,XXXXGIPGAVGSPGPAGGPGDR
Chelonia_sp._Ancient,101,Trypsin,1687,15,1251.32128,6.23,GEAGPAGSAGPAGPR
Chelonia_sp._Ancient,102,Trypsin,1717,30,2053.17528,6.13,XXXXXXGESGPAGPNGFAGPPGAAGQTGAK
Chelonia_sp._Ancient,103,Trypsin,1720,3,360.37018,6.23,GER
Chelonia_sp._Ancient,104,Trypsin,1726,6,300.35798,8.06,XXXGPK
Chelonia_sp._Ancient,105,Trypsin,1756,30,2455.71268,6.23,GEVGPLGAIGPAGSSGPAGPIGAAGPAGGR
Chelonia_sp._Ancient,106,Trypsin,1773,17,1445.51128,5.98,GDAGPSGATGFPGAAGR
Chelonia_sp._Ancient,107,Trypsin,1794,21,1827.02688,8.06,TGPPGPAGITGPPGPPGQSGK
Chelonia_sp._Ancient,108,Trypsin,1825,31,2321.57488,4.67,XXXXXXXGDTGPVGRPGEQGIVGPPGFIGEK
Chelonia_sp._Ancient,109,Trypsin,1858,33,2866.18298,6.23,GPSGEPGGAGPPGTSGPQGILGAPGILGLPGSR
Chelonia_sp._Ancient,110,Trypsin,1885,27,2065.22708,6.23,XXXGLPGISGGTGEPGPAGISGPSGSR
Chelonia_sp._Ancient,111,Trypsin,1905,20,1731.84228,6.23,GPSGPSGAPGLNGPPGEAGR
Chelonia_sp._Ancient,112,Trypsin,1917,12,1152.14528,4.04,DGNPGNDGPPGR
Chelonia_sp._Ancient,113,Trypsin,1924,7,690.75388,5.87,DGAPGFK
Chelonia_sp._Ancient,114,Trypsin,1927,3,360.37018,6.23,GER
Chelonia_sp._Ancient,115,Trypsin,1957,30,2655.87208,8.81,GYPGNNGLAGAAGAPGPHGAVGPSGKPGNR
Chelonia_sp._Ancient,116,Trypsin,1975,18,1578.74528,6.23,GEPGPVGVTGSIGPAGAR
Chelonia_sp._Ancient,117,Trypsin,1984,9,837.93388,9.71,GLGGPQGPR
Chelonia_sp._Ancient,118,Trypsin,1993,9,571.63108,5.87,XXXGVPGDK
Chelonia_sp._Ancient,119,Trypsin,1996,3,328.37138,9.71,GPR
Chelonia_sp._Ancient,120,Trypsin,2043,47,961.04518,8.07,XXXXXXXXXXXXXXXXXXXXXXXXXXXXXXXXXXXXGPAGPSGPHGK
Chelonia_sp._Ancient,121,Trypsin,2046,3,346.34328,5.98,DGR
Chelonia_sp._Ancient,122,Trypsin,2059,13,1204.39448,9.71,NGLPGPIGPAGVR
Chelonia_sp._Ancient,123,Trypsin,2099,40,18.01528,5.46,XXXXXXXXXXXXXXXXXXXXXXXXXXXXXXXXXXXXXXXX
Natator_depressus,0,Trypsin,27,27,1567.84148,9.71,XXXXXXXXXSVGGXLSMPGPMGPAGPR
Natator_depressus,1,Trypsin,60,33,3021.31358,4.53,GLPGPPGSPGPQGFQGPPGEPGEPGASGPMGPR
Natator_depressus,2,Trypsin,68,8,679.77398,8.06,GPAGPPGK
Natator_depressus,3,Trypsin,84,16,1611.64808,4.76,NGDDGEAGKPGRPGER
Natator_depressus,4,Trypsin,93,9,809.88018,9.71,GAPGPQGAR
Natator_depressus,5,Trypsin,105,12,1098.32568,8.06,GLPGTAGLPGMK
Natator_depressus,6,Trypsin,108,3,368.39578,9.73,GHR
Natator_depressus,7,Trypsin,117,9,850.92668,5.87,GFSGLDGAK
Natator_depressus,8,Trypsin,126,9,798.85098,5.87,GDTGPAGPK
Natator_depressus,9,Trypsin,144,18,1676.76288,4.53,GEPGSPGENGAPGQIGPR
Natator_depressus,10,Trypsin,162,18,1069.14528,11.49,XXXXXXGRPGPSGSAGAR
Natator_depressus,11,Trypsin,192,30,2470.68358,5.87,GNDGAPGAAGPTGPAGPAGPPGFPGAVGAK
Natator_depressus,12,Trypsin,201,9,857.87838,6.23,GETGPQGGR
Natator_depressus,13,Trypsin,237,36,2272.37258,4.29,XXXXXXXXXGEPGAPGPAGAAGPTGNPGSDGQPGAK
Natator_depressus,14,Trypsin,255,18,1524.69938,9.71,GATGAPGIAGAPGFPGAR
Natator_depressus,15,Trypsin,270,15,1290.39828,8.06,GPSGPQGPSGAPGPK
Natator_depressus,16,Trypsin,282,12,1084.11048,6.13,GNSGEPGAPGNK
Natator_depressus,17,Trypsin,288,6,517.53938,5.87,GDAGAK
Natator_depressus,18,Trypsin,308,20,1831.95678,4.25,GEPGPVGVQGPPGPSGEEGK
Natator_depressus,19,Trypsin,309,1,174.20278,9.71,R
Natator_depressus,20,Trypsin,312,3,318.33288,9.71,GSR
Natator_depressus,21,Trypsin,327,15,1361.47708,4.53,GEPGPAGLPGPAGER
Natator_depressus,22,Trypsin,333,6,543.58028,9.71,GAPGSR
Natator_depressus,23,Trypsin,345,12,1118.21138,5.87,GFPGSDGISGPK
Natator_depressus,24,Trypsin,351,6,615.64388,6.23,GPTGER
Natator_depressus,25,Trypsin,378,27,1649.78068,6.28,XXXXXXXXXGSPGESGRPGEPGLPGAK
Natator_depressus,26,Trypsin,392,14,1226.30848,5.87,GLTGSPGSPGPDGK
Natator_depressus,27,Trypsin,414,22,1961.08118,9.56,TGPTGPAGQDGRPGAAGPPGSR
Natator_depressus,28,Trypsin,426,12,1114.32768,8.06,GPAGVMGFPGPK
Natator_depressus,29,Trypsin,438,12,1125.20648,6.28,GAAGEPGKPGER
Natator_depressus,30,Trypsin,452,14,1162.35438,8.06,GVPGPVGAVGAPGK
Natator_depressus,31,Trypsin,471,19,1694.73488,4.05,DGEAGAQGPPGAAGPTGER
Natator_depressus,32,Trypsin,497,26,2307.46118,4.53,GEQGPSGAPGFQGLPGPAGPAGESGK
Natator_depressus,33,Trypsin,537,40,1120.23328,9.71,XXXXXXXXXXXXXXXXXXXXXXXXXXXXGVQGAPGPQGPR
Natator_depressus,34,Trypsin,549,12,1014.01938,5.87,GGNGAPGNDGAK
Natator_depressus,35,Trypsin,573,24,2204.35858,4.29,GDAGAPGSPGNQGPPGLQGMPGER
Natator_depressus,36,Trypsin,582,9,768.87098,9.71,GAAGLPGAR
Natator_depressus,37,Trypsin,585,3,346.34328,5.98,GDR
Natator_depressus,38,Trypsin,591,6,529.55038,5.87,GDGGPK
Natator_depressus,39,Trypsin,621,30,1558.75438,5.87,XXXXXXXXXXXXGLTGPIGPPGPAGAPGDK
Natator_depressus,40,Trypsin,636,15,1297.34698,6.23,GEAGPSGPSGPTGAR
Natator_depressus,41,Trypsin,642,6,571.59068,5.98,GAPGDR
Natator_depressus,42,Trypsin,666,24,2086.24808,4.29,GEPGPPGPAGFAGPPGADGQPGAK
Natator_depressus,43,Trypsin,675,9,804.81188,4.29,GETGDAGAK
Natator_depressus,44,Trypsin,702,27,2168.35068,5.87,GDAGAPGPAGPTGAPGPSGAVGAPGPK
Natator_depressus,45,Trypsin,705,3,302.33348,9.71,GAR
Natator_depressus,46,Trypsin,722,17,1427.53938,9.71,GSAGPPGATGFPGAAGR
Natator_depressus,47,Trypsin,743,21,1839.08118,8.06,VGPPGPSGNIGLPGPPGPSGK
Natator_depressus,48,Trypsin,750,7,328.37138,9.71,XXXXGPR
Natator_depressus,49,Trypsin,758,8,785.85518,6.23,GETGPIGR
Natator_depressus,50,Trypsin,798,40,2089.20878,5.98,XXXXXXXXXXXXXXXXGSPGADGAPGAPGTPGPQGISGQR
Natator_depressus,51,Trypsin,807,9,882.03048,9.71,GVVGLPGQR
Natator_depressus,52,Trypsin,824,17,1296.44538,6.13,XXXGFPGLPGPSGEPGK
Natator_depressus,53,Trypsin,854,30,1736.94808,6.23,XXXXXXXXXXGPPGPVGPPGLAGPPGEAGR
Natator_depressus,54,Trypsin,866,12,1084.11058,4.53,EGSPGAEGAPGR
Natator_depressus,55,Trypsin,873,7,614.65608,5.87,DGAAGPK
Natator_depressus,56,Trypsin,876,3,346.34328,5.98,GDR
Natator_depressus,57,Trypsin,902,26,2135.36408,6.13,GETGPAGPPGAPGAPGAPGPIGPAGK
Natator_depressus,58,Trypsin,906,4,460.44708,5.98,NGDR
Natator_depressus,59,Trypsin,924,18,1490.59558,6.23,GETGPAGPAGPAGPAGAR
Natator_depressus,60,Trypsin,933,9,809.88018,9.71,GAAGPQGPR
Natator_depressus,61,Trypsin,936,3,318.32988,5.87,GDK
Natator_depressus,62,Trypsin,945,9,956.92428,4.66,GETGEHGDR
Natator_depressus,63,Trypsin,981,36,2657.83868,6.23,XXXXXXGFSGLQGPPGPPGSPGEQGPSGASGPAGPR
Natator_depressus,64,Trypsin,992,11,926.98168,8.06,GPPGSSGSPGK
Natator_depressus,65,Trypsin,1008,16,1513.71638,5.98,DGLNGLPGPIGPPGPR
Natator_depressus,66,Trypsin,1078,70,1520.74128,5.97,XXXXXXXXXXXXXXXXXXXXXXXXXXXXXXXXXXXXXXXXXXXXXXXXXXXXXXXAADYGQGPMGIMGPR
Natator_depressus,67,Trypsin,1111,33,2944.12648,4.53,GAPGTSGPPGAQGFQGPAGEPGEPGQTGPVGAR
Natator_depressus,68,Trypsin,1156,45,1174.36478,8.06,XXXXXXXXXXXXXXXXXXXXXXXXXXXXXXXXXGFPGTPGLPGFK
Natator_depressus,69,Trypsin,1168,12,952.98208,7.2,XXXGHNGLDGQR
Natator_depressus,70,Trypsin,1177,9,783.88268,8.06,GQAGAPGVK
Natator_depressus,71,Trypsin,1195,18,1648.66878,5.64,GEPGAHGENGSPGQAGAR
Natator_depressus,72,Trypsin,1213,18,912.01348,9.71,XXXXXXXXVGSPGPVGSR
Natator_depressus,73,Trypsin,1243,30,2473.68418,5.87,GSDGSAGPTGPAGPIGAAGPPGFPGAPGAK
Natator_depressus,74,Trypsin,1261,18,1506.63828,5.98,GDIGAAGAVGPSGPAGPR
Natator_depressus,75,Trypsin,1288,27,2270.48668,6.13,GEPGLPGASGPVGPAGNPGANGIAGAK
Natator_depressus,76,Trypsin,1306,18,1514.74758,9.71,GAAGLPGVAGAPGLPGPR
Natator_depressus,77,Trypsin,1321,15,1219.36578,9.71,GIPGPAGPAGAAGAR
Natator_depressus,78,Trypsin,1333,12,1040.14108,6.13,GLAGEPGPAGSK
Natator_depressus,79,Trypsin,1339,6,590.59068,6.13,GESGNK
Natator_depressus,80,Trypsin,1429,90,1675.82148,6.28,XXXXXXXXXXXXXXXXXXXXXXXXXXXXXXXXXXXXXXXXXXXXXXXXXXXXXXXXXXXXXXXXXXXXXXXXGPGGDSGRPGEPGLLGPR
Natator_depressus,81,Trypsin,1443,14,1246.38838,8.06,GLPGQPGNPGPAGK
Natator_depressus,82,Trypsin,1455,12,1158.23588,4.29,EGPVGFPGADGR
Natator_depressus,83,Trypsin,1465,10,894.04148,9.71,VGPIGPAGAR
Natator_depressus,84,Trypsin,1477,12,1169.30238,6.13,GEPGNIGFPGPK
Natator_depressus,85,Trypsin,1489,12,1152.22908,6.12,GPNGEPGKPGDK
Natator_depressus,86,Trypsin,1498,9,815.88448,9.71,GNVGVAGSR
Natator_depressus,87,Trypsin,1522,24,2085.22038,5.87,GAPGPDGNNGVQGPPGVAGNPGAK
Natator_depressus,88,Trypsin,1552,30,2742.94438,4.67,GEQGPAGPPGFQGLPGPSGPAGEAGKPGDR
Natator_depressus,89,Trypsin,1567,15,1421.61878,6.23,GIPGEFGLPGPAGPR
Natator_depressus,90,Trypsin,1588,21,1572.71308,6.23,XXXGAPGESGAVGPVGSMGSR
Natator_depressus,91,Trypsin,1624,36,2054.20638,4.53,XXXXXXXXXXXXGEPGNVGAPGGPGPAGPGGIPGER
Natator_depressus,92,Trypsin,1633,9,754.88448,8.06,GIAGVPGGK
Natator_depressus,93,Trypsin,1636,3,332.35678,6.13,GEK
Natator_depressus,94,Trypsin,1672,36,1518.64928,5.98,XXXXXXXXXXXXXXXXXXGIPGAVGSPGPAGGPGDR
Natator_depressus,95,Trypsin,1687,15,1251.32128,6.23,GEAGPAGSAGPAGPR
Natator_depressus,96,Trypsin,1717,30,2053.17528,6.13,XXXXXXGESGPAGPNGFAGPPGAAGQTGAK
Natator_depressus,97,Trypsin,1720,3,360.37018,6.23,GER
Natator_depressus,98,Trypsin,1726,6,300.35798,8.06,XXXGPK
Natator_depressus,99,Trypsin,1756,30,2455.71268,6.23,GEVGPLGAIGPAGSSGPAGPIGAAGPAGGR
Natator_depressus,100,Trypsin,1773,17,1445.51128,5.98,GDAGPSGATGFPGAAGR
Natator_depressus,101,Trypsin,1794,21,1827.02688,8.06,TGPPGPAGITGPPGPPGQSGK
Natator_depressus,102,Trypsin,1798,4,443.45998,5.98,DGPR
Natator_depressus,103,Trypsin,1825,27,2309.52058,4.67,XXXGDTGPVGRPGEQGIVGPPGFTGEK
Natator_depressus,104,Trypsin,1858,33,2866.18298,6.23,GPSGEPGGAGPPGTSGPQGILGAPGILGLPGSR
Natator_depressus,105,Trypsin,1861,3,360.37018,6.23,GER
Natator_depressus,106,Trypsin,1885,24,2075.26558,6.23,GLPGISGGTGEPGPAGISGPSGPR
Natator_depressus,107,Trypsin,1905,20,1731.84228,6.23,GPSGPSGAPGLNGPPGEAGR
Natator_depressus,108,Trypsin,1917,12,1152.14528,4.04,DGNPGNDGPPGR
Natator_depressus,109,Trypsin,1924,7,690.75388,5.87,DGAPGFK
Natator_depressus,110,Trypsin,1927,3,360.37018,6.23,GER
Natator_depressus,111,Trypsin,1957,30,2655.87208,8.81,GYPGNNGLAGAAGAPGPHGAVGPSGKPGNR
Natator_depressus,112,Trypsin,1975,18,1578.74528,6.23,GEPGPVGVTGSIGPAGAR
Natator_depressus,113,Trypsin,2002,27,635.77908,8.06,XXXXXXXXXXXXXXXXXXXXXGMPGFK
Natator_depressus,114,Trypsin,2032,30,2770.96358,7.47,GHNGLQGLPGLAGHHGDQGAPGSTGPAGPR
Natator_depressus,115,Trypsin,2043,11,961.04518,8.07,GPAGPSGPHGK
Natator_depressus,116,Trypsin,2046,3,346.34328,5.98,DGR
Natator_depressus,117,Trypsin,2059,13,1204.39448,9.71,NGLPGPIGPAGVR
Natator_depressus,118,Trypsin,2099,40,18.01528,5.46,XXXXXXXXXXXXXXXXXXXXXXXXXXXXXXXXXXXXXXXX
Caretta_caretta,0,Trypsin,27,27,1567.84148,9.71,XXXXXXXXXSVGGXLSMPGPMGPAGPR
Caretta_caretta,1,Trypsin,60,33,3021.31358,4.53,GLPGPPGSPGPQGFQGPPGEPGEPGASGPMGPR
Caretta_caretta,2,Trypsin,68,8,679.77398,8.06,GPAGPPGK
Caretta_caretta,3,Trypsin,84,16,1611.64808,4.76,NGDDGEAGKPGRPGER
Caretta_caretta,4,Trypsin,93,9,809.88018,9.71,GAPGPQGAR
Caretta_caretta,5,Trypsin,105,12,1098.32568,8.06,GLPGTAGLPGMK
Caretta_caretta,6,Trypsin,108,3,368.39578,9.73,GHR
Caretta_caretta,7,Trypsin,117,9,850.92668,5.87,GFSGLDGAK
Caretta_caretta,8,Trypsin,126,9,798.85098,5.87,GDTGPAGPK
Caretta_caretta,9,Trypsin,144,18,1676.76288,4.53,GEPGSPGENGAPGQIGPR
Caretta_caretta,10,Trypsin,162,18,1079.18378,11.49,XXXXXXGRPGPSGPAGAR
Caretta_caretta,11,Trypsin,192,30,2470.68358,5.87,GNDGAPGAAGPTGPAGPAGPPGFPGAVGAK
Caretta_caretta,12,Trypsin,201,9,857.87838,6.23,GETGPQGGR
Caretta_caretta,13,Trypsin,255,54,1524.69938,9.71,XXXXXXXXXXXXXXXXXXXXXXXXXXXXXXXXXXXXGATGAPGIAGAPGFPGAR
Caretta_caretta,14,Trypsin,270,15,1290.39828,8.06,GPSGPQGPSGAPGPK
Caretta_caretta,15,Trypsin,282,12,1084.11048,6.13,GNSGEPGAPGNK
Caretta_caretta,16,Trypsin,288,6,517.53938,5.87,GDAGAK
Caretta_caretta,17,Trypsin,308,20,1831.95678,4.25,GEPGPVGVQGPPGPSGEEGK
Caretta_caretta,18,Trypsin,309,1,174.20278,9.71,R
Caretta_caretta,19,Trypsin,327,18,1361.47708,4.53,XXXGEPGPAGLPGPAGER
Caretta_caretta,20,Trypsin,345,18,1118.21138,5.87,XXXXXXGFPGSDGISGPK
Caretta_caretta,21,Trypsin,351,6,615.64388,6.23,GPTGER
Caretta_caretta,22,Trypsin,378,27,1649.78068,6.28,XXXXXXXXXGSPGESGRPGEPGLPGAK
Caretta_caretta,23,Trypsin,392,14,1226.30848,5.87,GLTGSPGSPGPDGK
Caretta_caretta,24,Trypsin,414,22,1991.10748,9.56,TGPTGPAGQDGRPGTAGPPGSR
Caretta_caretta,25,Trypsin,426,12,1114.32768,8.06,GPAGVMGFPGPK
Caretta_caretta,26,Trypsin,438,12,1125.20648,6.28,GAAGEPGKPGER
Caretta_caretta,27,Trypsin,452,14,1190.40818,8.06,GVPGPVGAVGVPGK
Caretta_caretta,28,Trypsin,471,19,1680.70798,4.05,DGEAGAQGPPGAAGPSGER
Caretta_caretta,29,Trypsin,497,26,2307.46118,4.53,GEQGPSGAPGFQGLPGPAGPAGESGK
Caretta_caretta,30,Trypsin,537,40,1120.23328,9.71,XXXXXXXXXXXXXXXXXXXXXXXXXXXXGVQGAPGPQGPR
Caretta_caretta,31,Trypsin,549,12,1014.01938,5.87,GGNGAPGNDGAK
Caretta_caretta,32,Trypsin,573,24,2218.38548,4.29,GDAGAPGTPGNQGPPGLQGMPGER
Caretta_caretta,33,Trypsin,582,9,768.87098,9.71,GAAGLPGAR
Caretta_caretta,34,Trypsin,621,39,1558.75438,5.87,XXXXXXXXXXXXXXXXXXXXXGLTGPIGPPGPAGAPGDK
Caretta_caretta,35,Trypsin,636,15,1297.34698,6.23,GEAGPSGPSGPTGAR
Caretta_caretta,36,Trypsin,642,6,571.59068,5.98,GAPGDR
Caretta_caretta,37,Trypsin,666,24,2086.24808,4.29,GEPGPPGPAGFAGPPGADGQPGAK
Caretta_caretta,38,Trypsin,675,9,804.81188,4.29,GETGDAGAK
Caretta_caretta,39,Trypsin,702,27,2168.35068,5.87,GDAGAPGPAGPTGAPGPSGAVGAPGPK
Caretta_caretta,40,Trypsin,722,20,1427.53938,9.71,XXXGSAGPPGATGFPGAAGR
Caretta_caretta,41,Trypsin,743,21,1839.08118,8.06,VGPPGPSGNIGLPGPPGPSGK
Caretta_caretta,42,Trypsin,747,4,433.46188,6.13,EGTK
Caretta_caretta,43,Trypsin,750,3,328.37138,9.71,GPR
Caretta_caretta,44,Trypsin,758,8,771.82838,6.23,GETGPVGR
Caretta_caretta,45,Trypsin,774,16,1462.57928,4.53,TGEPGPVGPPGPSGEK
Caretta_caretta,46,Trypsin,798,24,2089.20878,5.98,GSPGADGAPGAPGTPGPQGISGQR
Caretta_caretta,47,Trypsin,807,9,882.03048,9.71,GVVGLPGQR
Caretta_caretta,48,Trypsin,824,17,1296.44538,6.13,XXXGFPGLPGPSGEPGK
Caretta_caretta,49,Trypsin,834,10,960.95598,6.23,QGPSGSSGER
Caretta_caretta,50,Trypsin,854,20,1710.91018,6.23,GPPGPVGPPGLAGPAGEAGR
Caretta_caretta,51,Trypsin,866,12,1084.11058,4.53,EGSPGAEGAPGR
Caretta_caretta,52,Trypsin,876,10,346.34328,5.98,XXXXXXXGDR
Caretta_caretta,53,Trypsin,902,26,2135.36408,6.13,GETGPAGPPGAPGAPGAPGPIGPAGK
Caretta_caretta,54,Trypsin,906,4,460.44708,5.98,NGDR
Caretta_caretta,55,Trypsin,924,18,1490.59558,6.23,GETGPAGPAGPAGPAGAR
Caretta_caretta,56,Trypsin,933,9,809.88018,9.71,GAAGPQGPR
Caretta_caretta,57,Trypsin,936,3,318.32988,5.87,GDK
Caretta_caretta,58,Trypsin,945,9,956.92428,4.66,GETGEHGDR
Caretta_caretta,59,Trypsin,981,36,2657.83868,6.23,XXXXXXGFSGLQGPPGPPGSPGEQGPSGASGPAGPR
Caretta_caretta,60,Trypsin,992,11,926.98168,8.06,GPPGSSGSPGK
Caretta_caretta,61,Trypsin,1008,16,1513.71638,5.98,DGLNGLPGPIGPPGPR
Caretta_caretta,62,Trypsin,1078,70,1520.74128,5.97,XXXXXXXXXXXXXXXXXXXXXXXXXXXXXXXXXXXXXXXXXXXXXXXXXXXXXXXAADYGQGPMGIMGPR
Caretta_caretta,63,Trypsin,1111,33,2944.12648,4.53,GAPGTSGPPGAQGFQGPAGEPGEPGQTGPVGAR
Caretta_caretta,64,Trypsin,1156,45,1174.36478,8.06,XXXXXXXXXXXXXXXXXXXXXXXXXXXXXXXXXGFPGTPGLPGFK
Caretta_caretta,65,Trypsin,1177,21,783.88268,8.06,XXXXXXXXXXXXGQAGAPGVK
Caretta_caretta,66,Trypsin,1195,18,1648.66878,5.64,GEPGAHGENGSPGQAGAR
Caretta_caretta,67,Trypsin,1213,18,926.04028,9.71,XXXXXXXXIGSPGPVGSR
Caretta_caretta,68,Trypsin,1243,30,2473.68418,5.87,GSDGSAGPTGPAGPIGAAGPPGFPGAPGAK
Caretta_caretta,69,Trypsin,1261,18,1506.63828,5.98,GDIGAAGAVGPSGPAGPR
Caretta_caretta,70,Trypsin,1288,27,2270.48668,6.13,GEPGLPGASGPVGPAGNPGANGIAGAK
Caretta_caretta,71,Trypsin,1306,18,1514.74758,9.71,GAAGLPGVAGAPGLPGPR
Caretta_caretta,72,Trypsin,1321,15,1249.39208,9.71,GIPGPAGPAGTAGAR
Caretta_caretta,73,Trypsin,1333,12,1040.14108,6.13,GLAGEPGPAGSK
Caretta_caretta,74,Trypsin,1339,6,590.59068,6.13,GESGNK
Caretta_caretta,75,Trypsin,1359,20,1735.78438,4.25,GEPGAAGSPGPAGPNGEEGK
Caretta_caretta,76,Trypsin,1360,1,174.20278,9.71,R
Caretta_caretta,77,Trypsin,1378,18,1516.58758,6.23,GATGEAGATGSPGSAGLR
Caretta_caretta,78,Trypsin,1402,24,889.98178,9.71,XXXXXXXXXXXXXXAGSMGPAGSR
Caretta_caretta,79,Trypsin,1429,27,1675.82148,6.28,XXXXXXXXXGPGGDSGRPGEPGLLGPR
Caretta_caretta,80,Trypsin,1443,14,1246.38838,8.06,GLPGQPGNPGPAGK
Caretta_caretta,81,Trypsin,1455,12,1158.23588,4.29,EGPVGFPGADGR
Caretta_caretta,82,Trypsin,1465,10,881.98718,9.71,VGPTGAAGPR
Caretta_caretta,83,Trypsin,1477,12,1169.30238,6.13,GEPGNIGFPGPK
Caretta_caretta,84,Trypsin,1489,12,1152.22908,6.12,GPNGEPGKPGDK
Caretta_caretta,85,Trypsin,1498,9,815.88448,9.71,GNVGVAGSR
Caretta_caretta,86,Trypsin,1552,54,2742.94438,4.67,XXXXXXXXXXXXXXXXXXXXXXXXGEQGPAGPPGFQGLPGPSGPAGEAGKPGDR
Caretta_caretta,87,Trypsin,1567,15,1421.61878,6.23,GIPGEFGLPGPAGPR
Caretta_caretta,88,Trypsin,1588,21,1572.71308,6.23,XXXGAPGESGAVGPVGSMGSR
Caretta_caretta,89,Trypsin,1600,12,1083.12278,5.87,GPTGPPGSDGNK
Caretta_caretta,90,Trypsin,1624,24,2054.20638,4.53,GEPGNVGAPGGPGPAGPGGIPGER
Caretta_caretta,91,Trypsin,1633,9,754.88448,8.06,GIAGVPGGK
Caretta_caretta,92,Trypsin,1636,3,332.35678,6.13,GEK
Caretta_caretta,93,Trypsin,1650,14,745.79048,6.23,XXXXXXGEVGATGR
Caretta_caretta,94,Trypsin,1654,4,433.42148,5.98,DGSR
Caretta_caretta,95,Trypsin,1672,18,1518.64928,5.98,GIPGAVGSPGPAGGPGDR
Caretta_caretta,96,Trypsin,1687,15,1251.32128,6.23,GEAGPAGSAGPAGPR
Caretta_caretta,97,Trypsin,1717,30,2053.17528,6.13,XXXXXXGESGPAGPNGFAGPPGAAGQTGAK
Caretta_caretta,98,Trypsin,1720,3,360.37018,6.23,GER
Caretta_caretta,99,Trypsin,1726,6,300.35798,8.06,XXXGPK
Caretta_caretta,100,Trypsin,1756,30,2455.71268,6.23,GEVGPLGAIGPAGSSGPAGPIGAAGPAGGR
Caretta_caretta,101,Trypsin,1773,17,1445.51128,5.98,GDAGPSGATGFPGAAGR
Caretta_caretta,102,Trypsin,1794,21,1844.01398,8.06,TGPPGPAGITGPPGPNGQSGK
Caretta_caretta,103,Trypsin,1798,4,443.45998,5.98,DGPR
Caretta_caretta,104,Trypsin,1825,27,2309.52058,4.67,XXXGDTGPVGRPGEQGIVGPPGFTGEK
Caretta_caretta,105,Trypsin,1858,33,2866.18298,6.23,GPSGEPGGAGPPGTSGPQGILGAPGILGLPGSR
Caretta_caretta,106,Trypsin,1885,27,2065.22708,6.23,XXXGLPGISGGTGEPGPAGISGPSGSR
Caretta_caretta,107,Trypsin,1905,20,1731.84228,6.23,GPSGPSGAPGLNGPPGEAGR
Caretta_caretta,108,Trypsin,1917,12,1152.14528,4.04,DGNPGNDGPPGR
Caretta_caretta,109,Trypsin,1924,7,690.75388,5.87,DGAPGFK
Caretta_caretta,110,Trypsin,1927,3,360.37018,6.23,GER
Caretta_caretta,111,Trypsin,1957,30,2655.87208,8.81,GYPGNNGLAGAAGAPGPHGAVGPSGKPGNR
Caretta_caretta,112,Trypsin,1987,30,332.35678,6.13,XXXXXXXXXXXXXXXXXXXXXXXXXXXGEK
Caretta_caretta,113,Trypsin,1993,6,571.63108,5.87,GVPGDK
Caretta_caretta,114,Trypsin,1996,3,328.37138,9.71,GPR
Caretta_caretta,115,Trypsin,2002,6,635.77908,8.06,GMPGFK
Caretta_caretta,116,Trypsin,2032,30,2770.96358,7.47,GHNGLQGLPGLAGHHGDQGAPGSTGPAGPR
Caretta_caretta,117,Trypsin,2043,11,961.04518,8.07,GPAGPSGPHGK
Caretta_caretta,118,Trypsin,2046,3,346.34328,5.98,DGR
Caretta_caretta,119,Trypsin,2059,13,1204.39448,9.71,NGLPGPIGPAGVR
Caretta_caretta,120,Trypsin,2099,40,18.01528,5.46,XXXXXXXXXXXXXXXXXXXXXXXXXXXXXXXXXXXXXXXX
Eretmochelys_imbricata,0,Trypsin,27,27,1567.84148,9.71,XXXXXXXXXSVGGXLSMPGPMGPAGPR
Eretmochelys_imbricata,1,Trypsin,60,33,3021.31358,4.53,GLPGPPGSPGPQGFQGPPGEPGEPGASGPMGPR
Eretmochelys_imbricata,2,Trypsin,68,8,679.77398,8.06,GPAGPPGK
Eretmochelys_imbricata,3,Trypsin,84,16,1611.64808,4.76,NGDDGEAGKPGRPGER
Eretmochelys_imbricata,4,Trypsin,93,9,809.88018,9.71,GAPGPQGAR
Eretmochelys_imbricata,5,Trypsin,105,12,1098.32568,8.06,GLPGTAGLPGMK
Eretmochelys_imbricata,6,Trypsin,108,3,368.39578,9.73,GHR
Eretmochelys_imbricata,7,Trypsin,117,9,850.92668,5.87,GFSGLDGAK
Eretmochelys_imbricata,8,Trypsin,126,9,798.85098,5.87,GDTGPAGPK
Eretmochelys_imbricata,9,Trypsin,144,18,1676.76288,4.53,GEPGSPGENGAPGQIGPR
Eretmochelys_imbricata,10,Trypsin,162,18,1069.14528,11.49,XXXXXXGRPGPSGSAGAR
Eretmochelys_imbricata,11,Trypsin,192,30,2470.68358,5.87,GNDGAPGAAGPTGPAGPAGPPGFPGAVGAK
Eretmochelys_imbricata,12,Trypsin,201,9,857.87838,6.23,GETGPQGGR
Eretmochelys_imbricata,13,Trypsin,237,36,2272.37258,4.29,XXXXXXXXXGEPGAPGPAGAAGPTGNPGSDGQPGAK
Eretmochelys_imbricata,14,Trypsin,255,18,1524.69938,9.71,GATGAPGIAGAPGFPGAR
Eretmochelys_imbricata,15,Trypsin,270,15,1290.39828,8.06,GPSGPQGPSGAPGPK
Eretmochelys_imbricata,16,Trypsin,282,12,1084.11048,6.13,GNSGEPGAPGNK
Eretmochelys_imbricata,17,Trypsin,288,6,517.53938,5.87,GDAGAK
Eretmochelys_imbricata,18,Trypsin,308,20,1831.95678,4.25,GEPGPVGVQGPPGPSGEEGK
Eretmochelys_imbricata,19,Trypsin,309,1,174.20278,9.71,R
Eretmochelys_imbricata,20,Trypsin,327,18,1361.47708,4.53,XXXGEPGPAGLPGPAGER
Eretmochelys_imbricata,21,Trypsin,345,18,1118.21138,5.87,XXXXXXGFPGSDGISGPK
Eretmochelys_imbricata,22,Trypsin,378,33,1649.78068,6.28,XXXXXXXXXXXXXXXGSPGESGRPGEPGLPGAK
Eretmochelys_imbricata,23,Trypsin,392,14,1226.30848,5.87,GLTGSPGSPGPDGK
Eretmochelys_imbricata,24,Trypsin,414,22,1987.11908,9.56,TGPTGPAGQDGRPGPAGPPGSR
Eretmochelys_imbricata,25,Trypsin,426,12,1114.32768,8.06,GPAGVMGFPGPK
Eretmochelys_imbricata,26,Trypsin,438,12,1125.20648,6.28,GAAGEPGKPGER
Eretmochelys_imbricata,27,Trypsin,452,14,1162.35438,8.06,GVPGPVGAVGAPGK
Eretmochelys_imbricata,28,Trypsin,471,19,1680.70798,4.05,DGEAGAQGPPGAAGPSGER
Eretmochelys_imbricata,29,Trypsin,497,26,2307.46118,4.53,GEQGPSGAPGFQGLPGPAGPAGESGK
Eretmochelys_imbricata,30,Trypsin,537,40,1120.23328,9.71,XXXXXXXXXXXXXXXXXXXXXXXXXXXXGVQGAPGPQGPR
Eretmochelys_imbricata,31,Trypsin,549,12,1014.01938,5.87,GGNGAPGNDGAK
Eretmochelys_imbricata,32,Trypsin,573,24,2218.38548,4.29,GDAGAPGTPGNQGPPGLQGMPGER
Eretmochelys_imbricata,33,Trypsin,582,9,768.87098,9.71,GAAGLPGAR
Eretmochelys_imbricata,34,Trypsin,621,39,1548.71588,5.87,XXXXXXXXXXXXXXXXXXXXXGLTGPIGPPGPAGASGDK
Eretmochelys_imbricata,35,Trypsin,636,15,1297.34698,6.23,GEAGPSGPSGPTGAR
Eretmochelys_imbricata,36,Trypsin,642,6,571.59068,5.98,GAPGDR
Eretmochelys_imbricata,37,Trypsin,666,24,2086.24808,4.29,GEPGPPGPAGFAGPPGADGQPGAK
Eretmochelys_imbricata,38,Trypsin,675,9,804.81188,4.29,GETGDAGAK
Eretmochelys_imbricata,39,Trypsin,702,27,2168.35068,5.87,GDAGAPGPAGPTGAPGPSGAVGAPGPK
Eretmochelys_imbricata,40,Trypsin,705,3,302.33348,9.71,GAR
Eretmochelys_imbricata,41,Trypsin,722,17,1427.53938,9.71,GSAGPPGATGFPGAAGR
Eretmochelys_imbricata,42,Trypsin,743,21,1839.08118,8.06,VGPPGPSGNIGLPGPPGPSGK
Eretmochelys_imbricata,43,Trypsin,747,4,433.46188,6.13,EGTK
Eretmochelys_imbricata,44,Trypsin,750,3,328.37138,9.71,GPR
Eretmochelys_imbricata,45,Trypsin,798,48,2089.20878,5.98,XXXXXXXXXXXXXXXXXXXXXXXXGSPGADGAPGAPGTPGPQGISGQR
Eretmochelys_imbricata,46,Trypsin,807,9,882.03048,9.71,GVVGLPGQR
Eretmochelys_imbricata,47,Trypsin,824,17,1296.44538,6.13,XXXGFPGLPGPSGEPGK
Eretmochelys_imbricata,48,Trypsin,834,10,960.95598,6.23,QGPSGSSGER
Eretmochelys_imbricata,49,Trypsin,854,20,1736.94808,6.23,GPPGPVGPPGLAGPPGEAGR
Eretmochelys_imbricata,50,Trypsin,866,12,1084.11058,4.53,EGSPGAEGAPGR
Eretmochelys_imbricata,51,Trypsin,876,10,346.34328,5.98,XXXXXXXGDR
Eretmochelys_imbricata,52,Trypsin,902,26,2135.36408,6.13,GETGPAGPPGAPGAPGAPGPIGPAGK
Eretmochelys_imbricata,53,Trypsin,906,4,460.44708,5.98,NGDR
Eretmochelys_imbricata,54,Trypsin,924,18,1490.59558,6.23,GETGPAGPAGPAGPAGAR
Eretmochelys_imbricata,55,Trypsin,933,9,809.88018,9.71,GAAGPQGPR
Eretmochelys_imbricata,56,Trypsin,936,3,318.32988,5.87,GDK
Eretmochelys_imbricata,57,Trypsin,945,9,956.92428,4.66,GETGEHGDR
Eretmochelys_imbricata,58,Trypsin,981,36,2657.83868,6.23,XXXXXXGFSGLQGPPGPPGSPGEQGPSGASGPAGPR
Eretmochelys_imbricata,59,Trypsin,992,11,926.98168,8.06,GPPGSSGSPGK
Eretmochelys_imbricata,60,Trypsin,1008,16,1513.71638,5.98,DGLNGLPGPIGPPGPR
Eretmochelys_imbricata,61,Trypsin,1063,55,736.77958,5.87,XXXXXXXXXXXXXXXXXXXXXXXXXXXXXXXXXXXXXXXXXXXXXXXXXQYDPSK
Eretmochelys_imbricata,62,Trypsin,1078,15,1520.74128,5.97,AADYGQGPMGIMGPR
Eretmochelys_imbricata,63,Trypsin,1111,33,2944.12648,4.53,GAPGTSGPPGAQGFQGPAGEPGEPGQTGPVGAR
Eretmochelys_imbricata,64,Trypsin,1131,20,1207.26818,7.08,XXXXXXXXTGEDGHPGKPGR
Eretmochelys_imbricata,65,Trypsin,1144,13,827.89548,9.71,XXXXGVPGSQGAR
Eretmochelys_imbricata,66,Trypsin,1156,12,1174.36478,8.06,GFPGTPGLPGFK
Eretmochelys_imbricata,67,Trypsin,1168,12,952.98208,7.2,XXXGHNGLDGQR
Eretmochelys_imbricata,68,Trypsin,1177,9,783.88268,8.06,GQAGAPGVK
Eretmochelys_imbricata,69,Trypsin,1195,18,1648.66878,5.64,GEPGAHGENGSPGQAGAR
Eretmochelys_imbricata,70,Trypsin,1203,8,231.25468,9.71,XXXXXXGR
Eretmochelys_imbricata,71,Trypsin,1213,10,926.04028,9.71,IGSPGPVGSR
Eretmochelys_imbricata,72,Trypsin,1243,30,2473.68418,5.87,GSDGSAGPTGPAGPIGAAGPPGFPGAPGAK
Eretmochelys_imbricata,73,Trypsin,1261,18,1506.63828,5.98,GDIGAAGAVGPSGPAGPR
Eretmochelys_imbricata,74,Trypsin,1288,27,2270.48668,6.13,GEPGLPGASGPVGPAGNPGANGIAGAK
Eretmochelys_imbricata,75,Trypsin,1306,18,1514.74758,9.71,GAAGLPGVAGAPGLPGPR
Eretmochelys_imbricata,76,Trypsin,1321,15,1219.36578,9.71,GIPGPAGPAGAAGAR
Eretmochelys_imbricata,77,Trypsin,1333,12,1040.14108,6.13,GLAGEPGPAGSK
Eretmochelys_imbricata,78,Trypsin,1339,6,590.59068,6.13,GESGNK
Eretmochelys_imbricata,79,Trypsin,1359,20,1745.82288,4.25,GEPGAAGPPGPAGPNGEEGK
Eretmochelys_imbricata,80,Trypsin,1360,1,174.20278,9.71,R
Eretmochelys_imbricata,81,Trypsin,1378,18,1556.65238,6.23,GTTGEAGATGPPGSAGLR
Eretmochelys_imbricata,82,Trypsin,1429,51,1689.84838,6.28,XXXXXXXXXXXXXXXXXXXXXXXXXXXXXXXXXGPGGDTGRPGEPGLLGPR
Eretmochelys_imbricata,83,Trypsin,1443,14,1246.38838,8.06,GLPGQPGNPGPAGK
Eretmochelys_imbricata,84,Trypsin,1455,12,1158.23588,4.29,EGPVGFPGADGR
Eretmochelys_imbricata,85,Trypsin,1465,10,893.99818,9.71,VGPSGPAGPR
Eretmochelys_imbricata,86,Trypsin,1477,12,1169.30238,6.13,GEPGNIGFPGPK
Eretmochelys_imbricata,87,Trypsin,1489,12,1152.22908,6.12,GPNGEPGKPGDK
Eretmochelys_imbricata,88,Trypsin,1498,9,815.88448,9.71,GNVGVAGSR
Eretmochelys_imbricata,89,Trypsin,1522,24,2085.22038,5.87,GAPGPDGNNGVQGPPGVAGNPGAK
Eretmochelys_imbricata,90,Trypsin,1552,30,2742.94438,4.67,GEQGPAGPPGFQGLPGPSGPAGEAGKPGDR
Eretmochelys_imbricata,91,Trypsin,1567,15,1411.58028,6.23,GIPGEFGLPGSAGPR
Eretmochelys_imbricata,92,Trypsin,1588,21,1572.71308,6.23,XXXGAPGESGAVGPVGSMGSR
Eretmochelys_imbricata,93,Trypsin,1624,36,2054.20638,4.53,XXXXXXXXXXXXGEPGNVGAPGGPGPAGPGGIPGER
Eretmochelys_imbricata,94,Trypsin,1633,9,754.88448,8.06,GIAGVPGGK
Eretmochelys_imbricata,95,Trypsin,1636,3,332.35678,6.13,GEK
Eretmochelys_imbricata,96,Trypsin,1650,14,745.79048,6.23,XXXXXXGEVGATGR
Eretmochelys_imbricata,97,Trypsin,1672,22,1518.64928,5.98,XXXXGIPGAVGSPGPAGGPGDR
Eretmochelys_imbricata,98,Trypsin,1687,15,1251.32128,6.23,GEAGPAGSAGPAGPR
Eretmochelys_imbricata,99,Trypsin,1717,30,2053.17528,6.13,XXXXXXGESGPAGPNGFAGPPGAAGQTGAK
Eretmochelys_imbricata,100,Trypsin,1720,3,360.37018,6.23,GER
Eretmochelys_imbricata,101,Trypsin,1726,6,300.35798,8.06,XXXGPK
Eretmochelys_imbricata,102,Trypsin,1756,30,2485.73898,6.23,GEVGPLGAIGPAGSSGPAGPIGAAGPTGGR
Eretmochelys_imbricata,103,Trypsin,1773,17,1445.51128,5.98,GDAGPSGATGFPGAAGR
Eretmochelys_imbricata,104,Trypsin,1794,21,1827.02688,8.06,TGPPGPAGITGPPGPPGQSGK
Eretmochelys_imbricata,105,Trypsin,1825,31,2309.52058,4.67,XXXXXXXGDTGPVGRPGEQGIVGPPGFTGEK
Eretmochelys_imbricata,106,Trypsin,1858,33,2866.18298,6.23,GPSGEPGGAGPPGTSGPQGILGAPGILGLPGSR
Eretmochelys_imbricata,107,Trypsin,1885,27,2065.22708,6.23,XXXGLPGISGGTGEPGPAGISGPSGSR
Eretmochelys_imbricata,108,Trypsin,1905,20,1721.80378,6.23,GPSGPSGASGLNGPPGEAGR
Eretmochelys_imbricata,109,Trypsin,1917,12,1152.14528,4.04,DGNPGNDGPPGR
Eretmochelys_imbricata,110,Trypsin,1924,7,690.75388,5.87,DGAPGFK
Eretmochelys_imbricata,111,Trypsin,1927,3,360.37018,6.23,GER
Eretmochelys_imbricata,112,Trypsin,1957,30,2655.87208,8.81,GYPGNNGLAGAAGAPGPHGAVGPSGKPGNR
Eretmochelys_imbricata,113,Trypsin,1975,18,1564.71848,6.23,GEPGPVGVTGSVGPAGAR
Eretmochelys_imbricata,114,Trypsin,1993,18,571.63108,5.87,XXXXXXXXXXXXGVPGDK
Eretmochelys_imbricata,115,Trypsin,1996,3,328.37138,9.71,GPR
Eretmochelys_imbricata,116,Trypsin,2032,36,2770.96358,7.47,XXXXXXGHNGLQGLPGLAGHHGDQGAPGSTGPAGPR
Eretmochelys_imbricata,117,Trypsin,2043,11,961.04518,8.07,GPAGPSGPHGK
Eretmochelys_imbricata,118,Trypsin,2046,3,346.34328,5.98,DGR
Eretmochelys_imbricata,119,Trypsin,2059,13,1204.39448,9.71,NGLPGPIGPAGVR
Eretmochelys_imbricata,120,Trypsin,2099,40,18.01528,5.46,XXXXXXXXXXXXXXXXXXXXXXXXXXXXXXXXXXXXXXXX
Lepidochelys_kempii,0,Trypsin,27,27,1567.84148,9.71,XXXXXXXXXSVGGXLSMPGPMGPAGPR
Lepidochelys_kempii,1,Trypsin,60,33,3021.31358,4.53,GLPGPPGSPGPQGFQGPPGEPGEPGASGPMGPR
Lepidochelys_kempii,2,Trypsin,93,33,809.88018,9.71,XXXXXXXXXXXXXXXXXXXXXXXXGAPGPQGAR
Lepidochelys_kempii,3,Trypsin,105,12,1098.32568,8.06,GLPGTAGLPGMK
Lepidochelys_kempii,4,Trypsin,108,3,368.39578,9.73,GHR
Lepidochelys_kempii,5,Trypsin,117,9,850.92668,5.87,GFSGLDGAK
Lepidochelys_kempii,6,Trypsin,126,9,798.85098,5.87,GDTGPAGPK
Lepidochelys_kempii,7,Trypsin,144,18,1676.76288,4.53,GEPGSPGENGAPGQIGPR
Lepidochelys_kempii,8,Trypsin,162,18,1069.14528,11.49,XXXXXXGRPGPSGSAGAR
Lepidochelys_kempii,9,Trypsin,192,30,2470.68358,5.87,GNDGAPGAAGPTGPAGPAGPPGFPGAVGAK
Lepidochelys_kempii,10,Trypsin,201,9,857.87838,6.23,GETGPQGGR
Lepidochelys_kempii,11,Trypsin,210,9,857.87838,6.23,GGEGPQGTR
Lepidochelys_kempii,12,Trypsin,237,27,2272.37258,4.29,GEPGAPGPAGAAGPTGNPGSDGQPGAK
Lepidochelys_kempii,13,Trypsin,255,18,1524.69938,9.71,GATGAPGIAGAPGFPGAR
Lepidochelys_kempii,14,Trypsin,270,15,1290.39828,8.06,GPSGPQGPSGAPGPK
Lepidochelys_kempii,15,Trypsin,288,18,517.53938,5.87,XXXXXXXXXXXXGDAGAK
Lepidochelys_kempii,16,Trypsin,308,20,1831.95678,4.25,GEPGPVGVQGPPGPSGEEGK
Lepidochelys_kempii,17,Trypsin,309,1,174.20278,9.71,R
Lepidochelys_kempii,18,Trypsin,312,3,318.33288,9.71,GSR
Lepidochelys_kempii,19,Trypsin,327,15,1361.47708,4.53,GEPGPAGLPGPAGER
Lepidochelys_kempii,20,Trypsin,345,18,1118.21138,5.87,XXXXXXGFPGSDGISGPK
Lepidochelys_kempii,21,Trypsin,351,6,601.61698,6.23,GPSGER
Lepidochelys_kempii,22,Trypsin,378,27,1649.78068,6.28,XXXXXXXXXGSPGESGRPGEPGLPGAK
Lepidochelys_kempii,23,Trypsin,392,14,1226.30848,5.87,GLTGSPGSPGPDGK
Lepidochelys_kempii,24,Trypsin,414,22,1961.08118,9.56,TGPTGPAGQDGRPGAAGPPGSR
Lepidochelys_kempii,25,Trypsin,426,12,1114.32768,8.06,GPAGVMGFPGPK
Lepidochelys_kempii,26,Trypsin,438,12,1125.20648,6.28,GAAGEPGKPGER
Lepidochelys_kempii,27,Trypsin,452,14,1162.35438,8.06,GVPGPVGAVGAPGK
Lepidochelys_kempii,28,Trypsin,471,19,1680.70798,4.05,DGEAGAQGPPGAAGPSGER
Lepidochelys_kempii,29,Trypsin,497,26,2307.46118,4.53,GEQGPSGAPGFQGLPGPAGPAGESGK
Lepidochelys_kempii,30,Trypsin,525,28,661.71538,6.23,XXXXXXXXXXXXXXXXXXXXXXGFPGER
Lepidochelys_kempii,31,Trypsin,537,12,1136.27598,9.71,GVQGAPGLQGPR
Lepidochelys_kempii,32,Trypsin,549,12,1014.01938,5.87,GGNGAPGNDGAK
Lepidochelys_kempii,33,Trypsin,573,24,2218.38548,4.29,GDAGAPGTPGNQGPPGLQGMPGER
Lepidochelys_kempii,34,Trypsin,582,9,768.87098,9.71,GAAGLPGAR
Lepidochelys_kempii,35,Trypsin,621,39,1558.75438,5.87,XXXXXXXXXXXXXXXXXXXXXGLTGPIGPPGPAGAPGDK
Lepidochelys_kempii,36,Trypsin,636,15,1271.30908,6.23,GEAGPSGASGPTGAR
Lepidochelys_kempii,37,Trypsin,642,6,571.59068,5.98,GAPGDR
Lepidochelys_kempii,38,Trypsin,666,24,2086.24808,4.29,GEPGPPGPAGFAGPPGADGQPGAK
Lepidochelys_kempii,39,Trypsin,675,9,804.81188,4.29,GETGDAGAK
Lepidochelys_kempii,40,Trypsin,702,27,2168.35068,5.87,GDAGAPGPAGPTGAPGPSGAVGAPGPK
Lepidochelys_kempii,41,Trypsin,705,3,302.33348,9.71,GAR
Lepidochelys_kempii,42,Trypsin,722,17,1427.53938,9.71,GSAGPPGATGFPGAAGR
Lepidochelys_kempii,43,Trypsin,743,21,1839.08118,8.06,VGPPGPSGNIGLPGPPGPSGK
Lepidochelys_kempii,44,Trypsin,758,15,771.82838,6.23,XXXXXXXGETGPVGR
Lepidochelys_kempii,45,Trypsin,774,16,1464.55178,4.53,TGEPGPTGPPGPSGEK
Lepidochelys_kempii,46,Trypsin,798,24,2089.20878,5.98,GSPGADGAPGAPGTPGPQGISGQR
Lepidochelys_kempii,47,Trypsin,807,9,882.03048,9.71,GVVGLPGQR
Lepidochelys_kempii,48,Trypsin,810,3,360.37018,6.23,GER
Lepidochelys_kempii,49,Trypsin,824,14,1296.44538,6.13,GFPGLPGPSGEPGK
Lepidochelys_kempii,50,Trypsin,834,10,960.95598,6.23,QGPSGSSGER
Lepidochelys_kempii,51,Trypsin,854,20,1736.94808,6.23,GPPGPVGPPGLAGPPGEAGR
Lepidochelys_kempii,52,Trypsin,866,12,1084.11058,4.53,EGSPGAEGAPGR
Lepidochelys_kempii,53,Trypsin,902,36,2135.36408,6.13,XXXXXXXXXXGETGPAGPPGAPGAPGAPGPIGPAGK
Lepidochelys_kempii,54,Trypsin,924,22,1490.59558,6.23,XXXXGETGPAGPAGPAGPAGAR
Lepidochelys_kempii,55,Trypsin,933,9,809.88018,9.71,GAAGPQGPR
Lepidochelys_kempii,56,Trypsin,981,48,2657.83868,6.23,XXXXXXXXXXXXXXXXXXGFSGLQGPPGPPGSPGEQGPSGASGPAGPR
Lepidochelys_kempii,57,Trypsin,992,11,926.98168,8.06,GPPGSSGSPGK
Lepidochelys_kempii,58,Trypsin,1008,16,1513.71638,5.98,DGLNGLPGPIGPPGPR
Lepidochelys_kempii,59,Trypsin,1078,70,1520.74128,5.97,XXXXXXXXXXXXXXXXXXXXXXXXXXXXXXXXXXXXXXXXXXXXXXXXXXXXXXXAADYGQGPMGIMGPR
Lepidochelys_kempii,60,Trypsin,1111,33,2944.12648,4.53,GAPGTSGPPGAQGFQGPAGEPGEPGQTGPVGAR
Lepidochelys_kempii,61,Trypsin,1156,45,1174.36478,8.06,XXXXXXXXXXXXXXXXXXXXXXXXXXXXXXXXXGFPGTPGLPGFK
Lepidochelys_kempii,62,Trypsin,1168,12,952.98208,7.2,XXXGHNGLDGQR
Lepidochelys_kempii,63,Trypsin,1177,9,783.88268,8.06,GQAGAPGVK
Lepidochelys_kempii,64,Trypsin,1195,18,1648.66878,5.64,GEPGAHGENGSPGQAGAR
Lepidochelys_kempii,65,Trypsin,1213,18,926.04028,9.71,XXXXXXXXIGSPGPVGSR
Lepidochelys_kempii,66,Trypsin,1243,30,2473.68418,5.87,GSDGSAGPTGPAGPIGAAGPPGFPGAPGAK
Lepidochelys_kempii,67,Trypsin,1261,18,1506.63828,5.98,GDIGAAGAVGPSGPAGPR
Lepidochelys_kempii,68,Trypsin,1288,27,2270.48668,6.13,GEPGLPGASGPVGPAGNPGANGIAGAK
Lepidochelys_kempii,69,Trypsin,1306,18,1514.74758,9.71,GAAGLPGVAGAPGLPGPR
Lepidochelys_kempii,70,Trypsin,1321,15,1249.39208,9.71,GIPGPAGPAGTAGAR
Lepidochelys_kempii,71,Trypsin,1333,12,1040.14108,6.13,GLAGEPGPAGSK
Lepidochelys_kempii,72,Trypsin,1339,6,590.59068,6.13,GESGNK
Lepidochelys_kempii,73,Trypsin,1359,20,1719.78498,4.25,GEPGAAGAPGPAGPNGEEGK
Lepidochelys_kempii,74,Trypsin,1360,1,174.20278,9.71,R
Lepidochelys_kempii,75,Trypsin,1378,18,1542.62548,6.23,GSTGEAGATGSPGPAGLR
Lepidochelys_kempii,76,Trypsin,1402,24,891.99758,9.71,XXXXXXXXXXXXXXGGSMGLAGSR
Lepidochelys_kempii,77,Trypsin,1411,9,768.82768,9.71,GSPGPAGAR
Lepidochelys_kempii,78,Trypsin,1429,18,1675.82148,6.28,GPGGDSGRPGEPGLLGPR
Lepidochelys_kempii,79,Trypsin,1443,14,1246.38838,8.06,GLPGQPGNPGPAGK
Lepidochelys_kempii,80,Trypsin,1455,12,1158.23588,4.29,EGPVGFPGADGR
Lepidochelys_kempii,81,Trypsin,1465,10,881.98718,9.71,VGPTGAAGPR
Lepidochelys_kempii,82,Trypsin,1477,12,1169.30238,6.13,GEPGNIGFPGPK
Lepidochelys_kempii,83,Trypsin,1498,21,838.92178,9.73,XXXXXXXXXXXXGHVGVAGSR
Lepidochelys_kempii,84,Trypsin,1552,54,2742.94438,4.67,XXXXXXXXXXXXXXXXXXXXXXXXGEQGPAGPPGFQGLPGPSGPAGEAGKPGDR
Lepidochelys_kempii,85,Trypsin,1567,15,1421.61878,6.23,GIPGEFGLPGPAGPR
Lepidochelys_kempii,86,Trypsin,1588,21,1572.71308,6.23,XXXGAPGESGAVGPVGSMGSR
Lepidochelys_kempii,87,Trypsin,1624,36,2054.20638,4.53,XXXXXXXXXXXXGEPGNVGAPGGPGPAGPGGIPGER
Lepidochelys_kempii,88,Trypsin,1633,9,754.88448,8.06,GIAGVPGGK
Lepidochelys_kempii,89,Trypsin,1636,3,332.35678,6.13,GEK
Lepidochelys_kempii,90,Trypsin,1642,6,611.74208,9.71,GLPGLR
Lepidochelys_kempii,91,Trypsin,1650,8,745.79048,6.23,GEVGATGR
Lepidochelys_kempii,92,Trypsin,1672,22,1518.64928,5.98,XXXXGIPGAVGSPGPAGGPGDR
Lepidochelys_kempii,93,Trypsin,1687,15,1281.34758,6.23,GEAGPAGSTGPAGPR
Lepidochelys_kempii,94,Trypsin,1693,6,585.61758,6.23,GAPGER
Lepidochelys_kempii,95,Trypsin,1717,24,2053.17528,6.13,GESGPAGPNGFAGPPGAAGQTGAK
Lepidochelys_kempii,96,Trypsin,1720,3,360.37018,6.23,GER
Lepidochelys_kempii,97,Trypsin,1726,6,300.35798,8.06,XXXGPK
Lepidochelys_kempii,98,Trypsin,1756,30,2455.71268,6.23,GEVGPLGAIGPAGSSGPAGPIGAAGPAGGR
Lepidochelys_kempii,99,Trypsin,1773,17,1445.51128,5.98,GDAGPSGATGFPGAAGR
Lepidochelys_kempii,100,Trypsin,1794,21,1827.02688,8.06,TGPPGPAGITGPPGPPGQSGK
Lepidochelys_kempii,101,Trypsin,1825,31,2309.52058,4.67,XXXXXXXGDTGPVGRPGEQGIVGPPGFTGEK
Lepidochelys_kempii,102,Trypsin,1858,33,2866.18298,6.23,GPSGEPGGAGPPGTSGPQGILGAPGILGLPGSR
Lepidochelys_kempii,103,Trypsin,1885,27,2065.22708,6.23,XXXGLPGISGGTGEPGPAGISGPSGSR
Lepidochelys_kempii,104,Trypsin,1905,20,1731.84228,6.23,GPSGPSGAPGLNGPPGEAGR
Lepidochelys_kempii,105,Trypsin,1917,12,1152.14528,4.04,DGNPGNDGPPGR
Lepidochelys_kempii,106,Trypsin,1924,7,690.75388,5.87,DGAPGFK
Lepidochelys_kempii,107,Trypsin,1927,3,360.37018,6.23,GER
Lepidochelys_kempii,108,Trypsin,1957,30,442.47518,9.71,XXXXXXXXXXXXXXXXXXXXXXXXXXPGNR
Lepidochelys_kempii,109,Trypsin,1975,18,1564.71848,6.23,GEPGPVGVTGSVGPAGAR
Lepidochelys_kempii,110,Trypsin,2032,57,2760.92508,7.47,XXXXXXXXXXXXXXXXXXXXXXXXXXXGHNGLQGLPGLAGHHGDQGASGSTGPAGPR
Lepidochelys_kempii,111,Trypsin,2043,11,961.04518,8.07,GPAGPSGPHGK
Lepidochelys_kempii,112,Trypsin,2046,3,346.34328,5.98,DGR
Lepidochelys_kempii,113,Trypsin,2059,13,1204.39448,9.71,NGLPGPIGPAGVR
Lepidochelys_kempii,114,Trypsin,2099,40,18.01528,5.46,XXXXXXXXXXXXXXXXXXXXXXXXXXXXXXXXXXXXXXXX
Lepidochelys_olivacea,0,Trypsin,27,27,1567.84148,9.71,XXXXXXXXXSVGGXLSMPGPMGPAGPR
Lepidochelys_olivacea,1,Trypsin,68,41,679.77398,8.06,XXXXXXXXXXXXXXXXXXXXXXXXXXXXXXXXXGPAGPPGK
Lepidochelys_olivacea,2,Trypsin,84,16,1611.64808,4.76,NGDDGEAGKPGRPGER
Lepidochelys_olivacea,3,Trypsin,93,9,809.88018,9.71,GAPGPQGAR
Lepidochelys_olivacea,4,Trypsin,105,12,1098.32568,8.06,GLPGTAGLPGMK
Lepidochelys_olivacea,5,Trypsin,108,3,368.39578,9.73,GHR
Lepidochelys_olivacea,6,Trypsin,117,9,850.92668,5.87,GFSGLDGAK
Lepidochelys_olivacea,7,Trypsin,126,9,798.85098,5.87,GDTGPAGPK
Lepidochelys_olivacea,8,Trypsin,144,18,1676.76288,4.53,GEPGSPGENGAPGQIGPR
Lepidochelys_olivacea,9,Trypsin,162,18,1069.14528,11.49,XXXXXXGRPGPSGSAGAR
Lepidochelys_olivacea,10,Trypsin,192,30,2470.68358,5.87,GNDGAPGAAGPTGPAGPAGPPGFPGAVGAK
Lepidochelys_olivacea,11,Trypsin,201,9,857.87838,6.23,GETGPQGGR
Lepidochelys_olivacea,12,Trypsin,210,9,857.87838,6.23,GGEGPQGTR
Lepidochelys_olivacea,13,Trypsin,237,27,2272.37258,4.29,GEPGAPGPAGAAGPTGNPGSDGQPGAK
Lepidochelys_olivacea,14,Trypsin,255,18,1524.69938,9.71,GATGAPGIAGAPGFPGAR
Lepidochelys_olivacea,15,Trypsin,270,15,1290.39828,8.06,GPSGPQGPSGAPGPK
Lepidochelys_olivacea,16,Trypsin,282,12,1084.11048,6.13,GNSGEPGAPGNK
Lepidochelys_olivacea,17,Trypsin,288,6,517.53938,5.87,GDAGAK
Lepidochelys_olivacea,18,Trypsin,308,20,1831.95678,4.25,GEPGPVGVQGPPGPSGEEGK
Lepidochelys_olivacea,19,Trypsin,309,1,174.20278,9.71,R
Lepidochelys_olivacea,20,Trypsin,327,18,1361.47708,4.53,XXXGEPGPAGLPGPAGER
Lepidochelys_olivacea,21,Trypsin,345,18,1118.21138,5.87,XXXXXXGFPGSDGISGPK
Lepidochelys_olivacea,22,Trypsin,351,6,601.61698,6.23,GPSGER
Lepidochelys_olivacea,23,Trypsin,378,27,1649.78068,6.28,XXXXXXXXXGSPGESGRPGEPGLPGAK
Lepidochelys_olivacea,24,Trypsin,392,14,1226.30848,5.87,GLTGSPGSPGPDGK
Lepidochelys_olivacea,25,Trypsin,414,22,1961.08118,9.56,TGPTGPAGQDGRPGAAGPPGSR
Lepidochelys_olivacea,26,Trypsin,426,12,1114.32768,8.06,GPAGVMGFPGPK
Lepidochelys_olivacea,27,Trypsin,438,12,1125.20648,6.28,GAAGEPGKPGER
Lepidochelys_olivacea,28,Trypsin,452,14,1162.35438,8.06,GVPGPVGAVGAPGK
Lepidochelys_olivacea,29,Trypsin,471,19,1680.70798,4.05,DGEAGAQGPPGAAGPSGER
Lepidochelys_olivacea,30,Trypsin,497,26,2307.46118,4.53,GEQGPSGAPGFQGLPGPAGPAGESGK
Lepidochelys_olivacea,31,Trypsin,537,40,1136.27598,9.71,XXXXXXXXXXXXXXXXXXXXXXXXXXXXGVQGAPGLQGPR
Lepidochelys_olivacea,32,Trypsin,549,12,1014.01938,5.87,GGNGAPGNDGAK
Lepidochelys_olivacea,33,Trypsin,573,24,2218.38548,4.29,GDAGAPGTPGNQGPPGLQGMPGER
Lepidochelys_olivacea,34,Trypsin,582,9,768.87098,9.71,GAAGLPGAR
Lepidochelys_olivacea,35,Trypsin,585,3,346.34328,5.98,GDR
Lepidochelys_olivacea,36,Trypsin,591,6,529.55038,5.87,GDGGPK
Lepidochelys_olivacea,37,Trypsin,599,8,671.70798,5.87,GADGAPGK
Lepidochelys_olivacea,38,Trypsin,621,22,1558.75438,5.87,XXXXGLTGPIGPPGPAGAPGDK
Lepidochelys_olivacea,39,Trypsin,636,15,1271.30908,6.23,GEAGPSGASGPTGAR
Lepidochelys_olivacea,40,Trypsin,642,6,571.59068,5.98,GAPGDR
Lepidochelys_olivacea,41,Trypsin,666,24,2086.24808,4.29,GEPGPPGPAGFAGPPGADGQPGAK
Lepidochelys_olivacea,42,Trypsin,675,9,804.81188,4.29,GETGDAGAK
Lepidochelys_olivacea,43,Trypsin,702,27,2168.35068,5.87,GDAGAPGPAGPTGAPGPSGAVGAPGPK
Lepidochelys_olivacea,44,Trypsin,722,20,1427.53938,9.71,XXXGSAGPPGATGFPGAAGR
Lepidochelys_olivacea,45,Trypsin,743,21,1839.08118,8.06,VGPPGPSGNIGLPGPPGPSGK
Lepidochelys_olivacea,46,Trypsin,747,4,433.46188,6.13,EGTK
Lepidochelys_olivacea,47,Trypsin,750,3,328.37138,9.71,GPR
Lepidochelys_olivacea,48,Trypsin,758,8,771.82838,6.23,GETGPVGR
Lepidochelys_olivacea,49,Trypsin,774,16,1464.55178,4.53,TGEPGPTGPPGPSGEK
Lepidochelys_olivacea,50,Trypsin,798,24,2089.20878,5.98,GSPGADGAPGAPGTPGPQGISGQR
Lepidochelys_olivacea,51,Trypsin,807,9,882.03048,9.71,GVVGLPGQR
Lepidochelys_olivacea,52,Trypsin,824,17,1296.44538,6.13,XXXGFPGLPGPSGEPGK
Lepidochelys_olivacea,53,Trypsin,834,10,960.95598,6.23,QGPSGSSGER
Lepidochelys_olivacea,54,Trypsin,854,20,1736.94808,6.23,GPPGPVGPPGLAGPPGEAGR
Lepidochelys_olivacea,55,Trypsin,866,12,1084.11058,4.53,EGSPGAEGAPGR
Lepidochelys_olivacea,56,Trypsin,906,40,460.44708,5.98,XXXXXXXXXXXXXXXXXXXXXXXXXXXXXXXXXXXXNGDR
Lepidochelys_olivacea,57,Trypsin,924,18,1490.59558,6.23,GETGPAGPAGPAGPAGAR
Lepidochelys_olivacea,58,Trypsin,933,9,809.88018,9.71,GAAGPQGPR
Lepidochelys_olivacea,59,Trypsin,936,3,318.32988,5.87,GDK
Lepidochelys_olivacea,60,Trypsin,945,9,956.92428,4.66,GETGEHGDR
Lepidochelys_olivacea,61,Trypsin,981,36,2657.83868,6.23,XXXXXXGFSGLQGPPGPPGSPGEQGPSGASGPAGPR
Lepidochelys_olivacea,62,Trypsin,992,11,926.98168,8.06,GPPGSSGSPGK
Lepidochelys_olivacea,63,Trypsin,1008,16,1513.71638,5.98,DGLNGLPGPIGPPGPR
Lepidochelys_olivacea,64,Trypsin,1078,70,1520.74128,5.97,XXXXXXXXXXXXXXXXXXXXXXXXXXXXXXXXXXXXXXXXXXXXXXXXXXXXXXXAADYGQGPMGIMGPR
Lepidochelys_olivacea,65,Trypsin,1111,33,2944.12648,4.53,GAPGTSGPPGAQGFQGPAGEPGEPGQTGPVGAR
Lepidochelys_olivacea,66,Trypsin,1156,45,1174.36478,8.06,XXXXXXXXXXXXXXXXXXXXXXXXXXXXXXXXXGFPGTPGLPGFK
Lepidochelys_olivacea,67,Trypsin,1168,12,952.98208,7.2,XXXGHNGLDGQR
Lepidochelys_olivacea,68,Trypsin,1177,9,783.88268,8.06,GQAGAPGVK
Lepidochelys_olivacea,69,Trypsin,1213,36,926.04028,9.71,XXXXXXXXXXXXXXXXXXXXXXXXXXIGSPGPVGSR
Lepidochelys_olivacea,70,Trypsin,1261,48,1506.63828,5.98,XXXXXXXXXXXXXXXXXXXXXXXXXXXXXXGDIGAAGAVGPSGPAGPR
Lepidochelys_olivacea,71,Trypsin,1288,27,2270.48668,6.13,GEPGLPGASGPVGPAGNPGANGIAGAK
Lepidochelys_olivacea,72,Trypsin,1306,18,1514.74758,9.71,GAAGLPGVAGAPGLPGPR
Lepidochelys_olivacea,73,Trypsin,1321,15,1249.39208,9.71,GIPGPAGPAGTAGAR
Lepidochelys_olivacea,74,Trypsin,1333,12,1040.14108,6.13,GLAGEPGPAGSK
Lepidochelys_olivacea,75,Trypsin,1339,6,590.59068,6.13,GESGNK
Lepidochelys_olivacea,76,Trypsin,1359,20,1719.78498,4.25,GEPGAAGAPGPAGPNGEEGK
Lepidochelys_olivacea,77,Trypsin,1360,1,174.20278,9.71,R
Lepidochelys_olivacea,78,Trypsin,1378,18,1542.62548,6.23,GSTGEAGATGSPGPAGLR
Lepidochelys_olivacea,79,Trypsin,1402,24,891.99758,9.71,XXXXXXXXXXXXXXGGSMGLAGSR
Lepidochelys_olivacea,80,Trypsin,1429,27,1675.82148,6.28,XXXXXXXXXGPGGDSGRPGEPGLLGPR
Lepidochelys_olivacea,81,Trypsin,1443,14,1246.38838,8.06,GLPGQPGNPGPAGK
Lepidochelys_olivacea,82,Trypsin,1455,12,1158.23588,4.29,EGPVGFPGADGR
Lepidochelys_olivacea,83,Trypsin,1465,10,881.98718,9.71,VGPTGAAGPR
Lepidochelys_olivacea,84,Trypsin,1477,12,1169.30238,6.13,GEPGNIGFPGPK
Lepidochelys_olivacea,85,Trypsin,1489,12,1152.22908,6.12,GPNGEPGKPGDK
Lepidochelys_olivacea,86,Trypsin,1498,9,838.92178,9.73,GHVGVAGSR
Lepidochelys_olivacea,87,Trypsin,1552,54,2742.94438,4.67,XXXXXXXXXXXXXXXXXXXXXXXXGEQGPAGPPGFQGLPGPSGPAGEAGKPGDR
Lepidochelys_olivacea,88,Trypsin,1567,15,1421.61878,6.23,GIPGEFGLPGPAGPR
Lepidochelys_olivacea,89,Trypsin,1588,21,1572.71308,6.23,XXXGAPGESGAVGPVGSMGSR
Lepidochelys_olivacea,90,Trypsin,1624,36,2054.20638,4.53,XXXXXXXXXXXXGEPGNVGAPGGPGPAGPGGIPGER
Lepidochelys_olivacea,91,Trypsin,1633,9,754.88448,8.06,GIAGVPGGK
Lepidochelys_olivacea,92,Trypsin,1636,3,332.35678,6.13,GEK
Lepidochelys_olivacea,93,Trypsin,1650,14,745.79048,6.23,XXXXXXGEVGATGR
Lepidochelys_olivacea,94,Trypsin,1672,22,1518.64928,5.98,XXXXGIPGAVGSPGPAGGPGDR
Lepidochelys_olivacea,95,Trypsin,1687,15,1281.34758,6.23,GEAGPAGSTGPAGPR
Lepidochelys_olivacea,96,Trypsin,1717,30,2053.17528,6.13,XXXXXXGESGPAGPNGFAGPPGAAGQTGAK
Lepidochelys_olivacea,97,Trypsin,1720,3,360.37018,6.23,GER
Lepidochelys_olivacea,98,Trypsin,1723,3,331.37198,8.06,GQK
Lepidochelys_olivacea,99,Trypsin,1726,3,300.35798,8.06,GPK
Lepidochelys_olivacea,100,Trypsin,1756,30,2455.71268,6.23,GEVGPLGAIGPAGSSGPAGPIGAAGPAGGR
Lepidochelys_olivacea,101,Trypsin,1773,17,1445.51128,5.98,GDAGPSGATGFPGAAGR
Lepidochelys_olivacea,102,Trypsin,1794,21,1827.02688,8.06,TGPPGPAGITGPPGPPGQSGK
Lepidochelys_olivacea,103,Trypsin,1825,31,2309.52058,4.67,XXXXXXXGDTGPVGRPGEQGIVGPPGFTGEK
Lepidochelys_olivacea,104,Trypsin,1858,33,2866.18298,6.23,GPSGEPGGAGPPGTSGPQGILGAPGILGLPGSR
Lepidochelys_olivacea,105,Trypsin,1885,27,2065.22708,6.23,XXXGLPGISGGTGEPGPAGISGPSGSR
Lepidochelys_olivacea,106,Trypsin,1905,20,1731.84228,6.23,GPSGPSGAPGLNGPPGEAGR
Lepidochelys_olivacea,107,Trypsin,1917,12,1152.14528,4.04,DGNPGNDGPPGR
Lepidochelys_olivacea,108,Trypsin,1924,7,690.75388,5.87,DGAPGFK
Lepidochelys_olivacea,109,Trypsin,1927,3,360.37018,6.23,GER
Lepidochelys_olivacea,110,Trypsin,1975,48,1564.71848,6.23,XXXXXXXXXXXXXXXXXXXXXXXXXXXXXXGEPGPVGVTGSVGPAGAR
Lepidochelys_olivacea,111,Trypsin,1984,9,880.01458,9.71,GLVGPQGPR
Lepidochelys_olivacea,112,Trypsin,1987,3,332.35678,6.13,GEK
Lepidochelys_olivacea,113,Trypsin,1993,6,571.63108,5.87,GVPGDK
Lepidochelys_olivacea,114,Trypsin,1996,3,328.37138,9.71,GPR
Lepidochelys_olivacea,115,Trypsin,2032,36,2760.92508,7.47,XXXXXXGHNGLQGLPGLAGHHGDQGASGSTGPAGPR
Lepidochelys_olivacea,116,Trypsin,2043,11,961.04518,8.07,GPAGPSGPHGK
Lepidochelys_olivacea,117,Trypsin,2046,3,346.34328,5.98,DGR
Lepidochelys_olivacea,118,Trypsin,2059,13,1204.39448,9.71,NGLPGPIGPAGVR
Lepidochelys_olivacea,119,Trypsin,2099,40,3729.85048,4.26,GSQGSQGPSGPPGPPGHPGPDGPNGGGYXXEIGYDAEYYR
Dermochelys_coriacea,0,Trypsin,27,27,1567.84148,9.71,XXXXXXXXXSVGGXLSMPGPMGPAGPR
Dermochelys_coriacea,1,Trypsin,60,33,3021.31358,4.53,GLPGPPGSPGPQGFQGPPGEPGEPGASGPMGPR
Dermochelys_coriacea,2,Trypsin,80,20,1172.17648,4.49,XXXXXXXXNGDDGEAGKPGR
Dermochelys_coriacea,3,Trypsin,93,13,809.88018,9.71,XXXXGAPGPQGAR
Dermochelys_coriacea,4,Trypsin,105,12,1098.32568,8.06,GLPGTAGLPGMK
Dermochelys_coriacea,5,Trypsin,117,12,850.92668,5.87,XXXGFSGLDGAK
Dermochelys_coriacea,6,Trypsin,126,9,798.85098,5.87,GDTGPAGPK
Dermochelys_coriacea,7,Trypsin,144,18,1676.76288,4.53,GEPGSPGENGAPGQIGPR
Dermochelys_coriacea,8,Trypsin,162,18,1069.14528,11.49,XXXXXXGRPGPSGSAGAR
Dermochelys_coriacea,9,Trypsin,192,30,2526.79118,5.87,GNDGAPGAAGPTGPVGPAGPPGFPGAVGVK
Dermochelys_coriacea,10,Trypsin,210,18,827.85208,6.23,XXXXXXXXXGGEGPQGAR
Dermochelys_coriacea,11,Trypsin,237,27,2242.34628,4.29,GEPGAPGPAGAAGPAGNPGSDGQPGAK
Dermochelys_coriacea,12,Trypsin,255,18,1524.69938,9.71,GATGAPGIAGAPGFPGAR
Dermochelys_coriacea,13,Trypsin,270,15,1290.39828,8.06,GPSGPQGPSGAPGPK
Dermochelys_coriacea,14,Trypsin,282,12,1084.11048,6.13,GNSGEPGAPGNK
Dermochelys_coriacea,15,Trypsin,288,6,517.53938,5.87,GDAGAK
Dermochelys_coriacea,16,Trypsin,308,20,1831.95678,4.25,GEPGPVGVQGPPGPSGEEGK
Dermochelys_coriacea,17,Trypsin,309,1,174.20278,9.71,R
Dermochelys_coriacea,18,Trypsin,327,18,1361.47708,4.53,XXXGEPGPAGLPGPAGER
Dermochelys_coriacea,19,Trypsin,333,6,543.58028,9.71,GAPGSR
Dermochelys_coriacea,20,Trypsin,345,12,1118.21138,5.87,GFPGSDGISGPK
Dermochelys_coriacea,21,Trypsin,351,6,601.61698,6.23,GPSGER
Dermochelys_coriacea,22,Trypsin,360,9,766.85218,8.06,GSPGPAGPK
Dermochelys_coriacea,23,Trypsin,378,18,1649.78068,6.28,GSPGESGRPGEPGLPGAK
Dermochelys_coriacea,24,Trypsin,392,14,1226.30848,5.87,GLTGSPGSPGPDGK
Dermochelys_coriacea,25,Trypsin,414,22,1971.11968,9.56,TGPTGPAGQDGRPGPAGPPGAR
Dermochelys_coriacea,26,Trypsin,426,12,1145.34168,8.06,GQAGVMGFPGPK
Dermochelys_coriacea,27,Trypsin,438,12,1125.20648,6.28,GAAGEPGKPGER
Dermochelys_coriacea,28,Trypsin,452,14,1178.39708,8.06,GVPGPVGAVGALGK
Dermochelys_coriacea,29,Trypsin,471,19,1680.70798,4.05,DGEAGAQGPPGAAGPSGER
Dermochelys_coriacea,30,Trypsin,537,66,1120.23328,9.71,XXXXXXXXXXXXXXXXXXXXXXXXXXXXXXXXXXXXXXXXXXXXXXXXXXXXXXGVQGAPGPQGPR
Dermochelys_coriacea,31,Trypsin,549,12,1044.04568,5.87,GSNGAPGNDGAK
Dermochelys_coriacea,32,Trypsin,573,24,2204.35858,4.29,GDAGAPGSPGNQGPPGLQGMPGER
Dermochelys_coriacea,33,Trypsin,582,9,768.87098,9.71,GAAGLPGAR
Dermochelys_coriacea,34,Trypsin,585,3,346.34328,5.98,GDR
Dermochelys_coriacea,35,Trypsin,591,6,529.55038,5.87,GDGGPK
Dermochelys_coriacea,36,Trypsin,599,8,671.70798,5.87,GADGAPGK
Dermochelys_coriacea,37,Trypsin,621,22,1558.75438,5.87,XXXXGLTGPIGPPGPAGAPGDK
Dermochelys_coriacea,38,Trypsin,636,15,1281.34758,6.23,GEAGPSGAPGPTGAR
Dermochelys_coriacea,39,Trypsin,642,6,571.59068,5.98,GAPGDR
Dermochelys_coriacea,40,Trypsin,666,24,2086.24808,4.29,GEPGPPGPAGFAGPPGADGQPGAK
Dermochelys_coriacea,41,Trypsin,675,9,804.81188,4.29,GETGDAGAK
Dermochelys_coriacea,42,Trypsin,702,27,2168.35068,5.87,GDAGAPGPAGPTGAPGPSGAVGAPGPK
Dermochelys_coriacea,43,Trypsin,722,20,1427.53938,9.71,XXXGSAGPPGATGFPGAAGR
Dermochelys_coriacea,44,Trypsin,743,21,1839.08118,8.06,VGPPGPSGNIGLPGPPGPSGK
Dermochelys_coriacea,45,Trypsin,750,7,328.37138,9.71,XXXXGPR
Dermochelys_coriacea,46,Trypsin,758,8,743.77458,6.23,GETGPAGR
Dermochelys_coriacea,47,Trypsin,774,16,1434.52548,4.53,TGEPGPAGPPGPSGEK
Dermochelys_coriacea,48,Trypsin,798,24,2101.26308,5.98,GSPGADGAPGAPGLPGPQGISGQR
Dermochelys_coriacea,49,Trypsin,807,9,882.03048,9.71,GVVGLPGQR
Dermochelys_coriacea,50,Trypsin,810,3,360.37018,6.23,GER
Dermochelys_coriacea,51,Trypsin,824,14,1296.44538,6.13,GFPGLPGPSGEPGK
Dermochelys_coriacea,52,Trypsin,834,10,960.95598,6.23,QGPSGSSGER
Dermochelys_coriacea,53,Trypsin,854,20,1457.60898,6.23,XXXGPAGPPGLAGPPGEAGR
Dermochelys_coriacea,54,Trypsin,866,12,1084.11058,4.53,EGSPGAEGAPGR
Dermochelys_coriacea,55,Trypsin,873,7,614.65608,5.87,DGAAGPK
Dermochelys_coriacea,56,Trypsin,876,3,346.34328,5.98,GDR
Dermochelys_coriacea,57,Trypsin,902,26,2121.33728,6.13,GETGPAGPPGAPGAPGAPGPVGPAGK
Dermochelys_coriacea,58,Trypsin,906,4,460.44708,5.98,NGDR
Dermochelys_coriacea,59,Trypsin,924,18,1490.59558,6.23,GETGPAGPAGPAGPAGAR
Dermochelys_coriacea,60,Trypsin,933,9,809.88018,9.71,GAAGPQGPR
Dermochelys_coriacea,61,Trypsin,936,3,318.32988,5.87,GDK
Dermochelys_coriacea,62,Trypsin,945,9,956.92428,4.66,GETGEHGDR
Dermochelys_coriacea,63,Trypsin,981,36,2657.83868,6.23,XXXXXXGFSGLQGPPGPPGSPGEQGPSGASGPAGPR
Dermochelys_coriacea,64,Trypsin,992,11,926.98168,8.06,GPPGSSGSPGK
Dermochelys_coriacea,65,Trypsin,1008,16,1513.71638,5.98,DGLNGLPGPIGPPGPR
Dermochelys_coriacea,66,Trypsin,1063,55,736.77958,5.87,XXXXXXXXXXXXXXXXXXXXXXXXXXXXXXXXXXXXXXXXXXXXXXXXXQYDPSK
Dermochelys_coriacea,67,Trypsin,1078,15,1520.74128,5.97,AADYGQGPMGIMGPR
Dermochelys_coriacea,68,Trypsin,1111,33,2944.12648,4.53,GAPGTSGPPGAQGFQGPAGEPGEPGQTGPVGAR
Dermochelys_coriacea,69,Trypsin,1119,8,679.77398,8.06,GPAGPPGK
Dermochelys_coriacea,70,Trypsin,1156,37,1174.36478,8.06,XXXXXXXXXXXXXXXXXXXXXXXXXGFPGTPGLPGFK
Dermochelys_coriacea,71,Trypsin,1168,12,952.98208,7.2,XXXGHNGLDGQR
Dermochelys_coriacea,72,Trypsin,1177,9,783.88268,8.06,GQAGAPGVK
Dermochelys_coriacea,73,Trypsin,1195,18,1648.66878,5.64,GEPGAHGENGSPGQAGAR
Dermochelys_coriacea,74,Trypsin,1203,8,231.25468,9.71,XXXXXXGR
Dermochelys_coriacea,75,Trypsin,1213,10,912.01348,9.71,VGSPGPVGSR
Dermochelys_coriacea,76,Trypsin,1243,30,2473.68418,5.87,GSDGSAGPTGPAGPIGAAGPPGFPGAPGAK
Dermochelys_coriacea,77,Trypsin,1261,18,1506.63828,5.98,GDIGAAGAVGPSGPAGPR
Dermochelys_coriacea,78,Trypsin,1288,27,2270.48668,6.13,GEPGLPGASGPVGPAGNPGANGIAGAK
Dermochelys_coriacea,79,Trypsin,1306,18,1514.74758,9.71,GAAGLPGVAGAPGLPGPR
Dermochelys_coriacea,80,Trypsin,1321,15,1249.39208,9.71,GIPGPAGPAGTAGAR
Dermochelys_coriacea,81,Trypsin,1333,12,1040.14108,6.13,GLAGEPGPAGSK
Dermochelys_coriacea,82,Trypsin,1339,6,590.59068,6.13,GESGNK
Dermochelys_coriacea,83,Trypsin,1360,21,174.20278,9.71,XXXXXXXXXXXXXXXXXXXXR
Dermochelys_coriacea,84,Trypsin,1378,18,1552.66398,6.23,GPTGEAGATGSPGPAGLR
Dermochelys_coriacea,85,Trypsin,1402,24,859.95548,9.71,XXXXXXXXXXXXXXAGGMGPAGSR
Dermochelys_coriacea,86,Trypsin,1429,27,992.14288,6.23,XXXXXXXXXXXXXXXXXPGEPGLLGPR
Dermochelys_coriacea,87,Trypsin,1443,14,1246.38838,8.06,GLPGQPGNPGPAGK
Dermochelys_coriacea,88,Trypsin,1455,12,1158.23588,4.29,EGPVGFPGADGR
Dermochelys_coriacea,89,Trypsin,1465,10,910.04098,9.71,VGPTGPAGVR
Dermochelys_coriacea,90,Trypsin,1477,12,1169.30238,6.13,GEPGNIGFPGPK
Dermochelys_coriacea,91,Trypsin,1489,12,1152.22908,6.12,GPNGEPGKPGDK
Dermochelys_coriacea,92,Trypsin,1498,9,841.96568,9.71,GNVGVAGLR
Dermochelys_coriacea,93,Trypsin,1522,24,2085.22038,5.87,GAPGPDGNNGVQGPPGVAGNPGAK
Dermochelys_coriacea,94,Trypsin,1552,30,2742.94438,4.67,GEQGPAGPPGFQGLPGPSGPAGEAGKPGDR
Dermochelys_coriacea,95,Trypsin,1567,15,1421.61878,6.23,GIPGEFGLPGPAGPR
Dermochelys_coriacea,96,Trypsin,1588,21,1544.65928,6.23,XXXGAPGESGAAGPVGSMGSR
Dermochelys_coriacea,97,Trypsin,1624,36,2016.11408,4.53,XXXXXXXXXXXXGEPGNAGAPGGPGPAGSGGIPGER
Dermochelys_coriacea,98,Trypsin,1650,26,717.73668,6.23,XXXXXXXXXXXXXXXXXXGEAGATGR
Dermochelys_coriacea,99,Trypsin,1672,22,1518.64928,5.98,XXXXGIPGAVGSPGPAGGPGDR
Dermochelys_coriacea,100,Trypsin,1687,15,1253.33718,6.23,GEAGPAGSAGPAGVR
Dermochelys_coriacea,101,Trypsin,1717,30,2053.17528,6.13,XXXXXXGESGPAGPNGFAGPPGAAGQTGAK
Dermochelys_coriacea,102,Trypsin,1720,3,360.37018,6.23,GER
Dermochelys_coriacea,103,Trypsin,1726,6,300.35798,8.06,XXXGPK
Dermochelys_coriacea,104,Trypsin,1756,30,2510.79198,6.23,GELGPLGAIGPAGNSGPAGPIGAAGPAGAR
Dermochelys_coriacea,105,Trypsin,1773,17,1445.51128,5.98,GDAGPSGATGFPGAAGR
Dermochelys_coriacea,106,Trypsin,1794,21,1827.02688,8.06,TGPPGPAGITGPPGPPGQSGK
Dermochelys_coriacea,107,Trypsin,1825,31,2295.53698,4.67,XXXXXXXGDTGPVGRPGEQGIVGPAGFIGEK
Dermochelys_coriacea,108,Trypsin,1858,33,2868.19888,6.23,GPSGEPGGVGPPGTSGAQGILGAPGILGLPGSR
Dermochelys_coriacea,109,Trypsin,1861,3,360.37018,6.23,GER
Dermochelys_coriacea,110,Trypsin,1885,24,2093.28088,6.23,GLPGISGGTGEPGPVGISGPSGSR
Dermochelys_coriacea,111,Trypsin,1905,20,1714.85518,6.23,GPSGPSGAPGLPGPPGEAGR
Dermochelys_coriacea,112,Trypsin,1917,12,1152.14528,4.04,DGNPGNDGPPGR
Dermochelys_coriacea,113,Trypsin,1924,7,690.75388,5.87,DGAPGFK
Dermochelys_coriacea,114,Trypsin,1927,3,360.37018,6.23,GER
Dermochelys_coriacea,115,Trypsin,1957,30,2629.89258,8.81,GYPGSNGPAGAAGAPGPHGAVGPSGKPGMR
Dermochelys_coriacea,116,Trypsin,1975,18,1592.77218,6.23,GETGPVGVTGPIGPAGAR
Dermochelys_coriacea,117,Trypsin,1984,9,851.96078,9.71,GLAGPQGPR
Dermochelys_coriacea,118,Trypsin,1993,9,571.63108,5.87,XXXGVPGDK
Dermochelys_coriacea,119,Trypsin,1996,3,328.37138,9.71,GPR
Dermochelys_coriacea,120,Trypsin,2032,36,2770.96358,7.47,XXXXXXGHNGLQGLPGLAGHHGDQGAPGSTGPAGPR
Dermochelys_coriacea,121,Trypsin,2043,11,961.04518,8.07,GPAGPSGPHGK
Dermochelys_coriacea,122,Trypsin,2046,3,346.34328,5.98,DGR
Dermochelys_coriacea,123,Trypsin,2059,13,1204.39448,9.71,NGLPGPIGPAGVR
Dermochelys_coriacea,124,Trypsin,2099,40,3711.87858,4.66,GSQGSQGPSGPPGPPGHPGPPGPNGGGYXXEIGYDAEYYR
